training_started_at,segment,epoch,role,rank,candidate_id,fitness,objective_j,distance_mm,valid,control_point_index,x_mm,y_mm,z_mm
20260824_115519,S1A,1,firehawk,1,firehawk_01,0.001310,763.275358,763.275358,1,1,0.000000,0.000000,0.000000
20260824_115519,S1A,1,firehawk,1,firehawk_01,0.001310,763.275358,763.275358,1,2,0.000000,0.000000,0.000000
20260824_115519,S1A,1,firehawk,1,firehawk_01,0.001310,763.275358,763.275358,1,3,0.000000,0.000000,0.000000
20260824_115519,S1A,1,firehawk,1,firehawk_01,0.001310,763.275358,763.275358,1,4,57.366835,15.504550,0.000000
20260824_115519,S1A,1,firehawk,1,firehawk_01,0.001310,763.275358,763.275358,1,5,139.237734,37.631820,0.000000
20260824_115519,S1A,1,firehawk,1,firehawk_01,0.001310,763.275358,763.275358,1,6,221.108632,59.759090,0.000000
20260824_115519,S1A,1,firehawk,1,firehawk_01,0.001310,763.275358,763.275358,1,7,302.979531,81.886360,0.000000
20260824_115519,S1A,1,firehawk,1,firehawk_01,0.001310,763.275358,763.275358,1,8,370.000000,100.000000,0.000000
20260824_115519,S1A,1,firehawk,2,firehawk_02,0.001218,821.342291,821.342291,1,1,17.136470,16.180110,0.000000
20260824_115519,S1A,1,firehawk,2,firehawk_02,0.001218,821.342291,821.342291,1,2,0.000000,0.000000,0.000000
20260824_115519,S1A,1,firehawk,2,firehawk_02,0.001218,821.342291,821.342291,1,3,7.676456,0.000000,0.000000
20260824_115519,S1A,1,firehawk,2,firehawk_02,0.001218,821.342291,821.342291,1,4,36.744863,0.000000,0.000000
20260824_115519,S1A,1,firehawk,2,firehawk_02,0.001218,821.342291,821.342291,1,5,122.645169,14.624851,24.573111
20260824_115519,S1A,1,firehawk,2,firehawk_02,0.001218,821.342291,821.342291,1,6,220.970205,100.063145,0.000000
20260824_115519,S1A,1,firehawk,2,firehawk_02,0.001218,821.342291,821.342291,1,7,314.463361,83.450789,0.000000
20260824_115519,S1A,1,firehawk,2,firehawk_02,0.001218,821.342291,821.342291,1,8,372.495321,71.186650,0.000000
20260824_115519,S1A,1,firehawk,3,firehawk_03,0.001182,845.969476,845.969476,1,1,23.580591,7.459778,0.000000
20260824_115519,S1A,1,firehawk,3,firehawk_03,0.001182,845.969476,845.969476,1,2,0.000000,0.000000,38.543281
20260824_115519,S1A,1,firehawk,3,firehawk_03,0.001182,845.969476,845.969476,1,3,0.000000,0.000000,0.000000
20260824_115519,S1A,1,firehawk,3,firehawk_03,0.001182,845.969476,845.969476,1,4,87.930067,36.420175,0.000000
20260824_115519,S1A,1,firehawk,3,firehawk_03,0.001182,845.969476,845.969476,1,5,121.596366,33.975824,45.191753
20260824_115519,S1A,1,firehawk,3,firehawk_03,0.001182,845.969476,845.969476,1,6,220.073225,40.480782,44.311365
20260824_115519,S1A,1,firehawk,3,firehawk_03,0.001182,845.969476,845.969476,1,7,288.721653,43.535651,25.655156
20260824_115519,S1A,1,firehawk,3,firehawk_03,0.001182,845.969476,845.969476,1,8,363.433904,104.261984,38.792315
20260824_115519,S1A,1,firehawk,4,firehawk_04,0.001166,857.823501,857.823501,1,1,20.843439,21.115726,20.120962
20260824_115519,S1A,1,firehawk,4,firehawk_04,0.001166,857.823501,857.823501,1,2,0.000000,7.032908,0.000000
20260824_115519,S1A,1,firehawk,4,firehawk_04,0.001166,857.823501,857.823501,1,3,0.000000,0.000000,20.468501
20260824_115519,S1A,1,firehawk,4,firehawk_04,0.001166,857.823501,857.823501,1,4,50.226498,12.768893,19.903705
20260824_115519,S1A,1,firehawk,4,firehawk_04,0.001166,857.823501,857.823501,1,5,156.192832,52.733876,6.919852
20260824_115519,S1A,1,firehawk,4,firehawk_04,0.001166,857.823501,857.823501,1,6,255.359245,86.153748,23.122714
20260824_115519,S1A,1,firehawk,4,firehawk_04,0.001166,857.823501,857.823501,1,7,284.975348,75.662483,0.000000
20260824_115519,S1A,1,firehawk,4,firehawk_04,0.001166,857.823501,857.823501,1,8,413.165793,100.042754,4.810453
20260824_115519,S1A,1,firehawk,5,firehawk_05,0.001073,931.832769,931.832769,1,1,0.000000,0.000000,0.000000
20260824_115519,S1A,1,firehawk,5,firehawk_05,0.001073,931.832769,931.832769,1,2,0.000000,0.000000,0.000000
20260824_115519,S1A,1,firehawk,5,firehawk_05,0.001073,931.832769,931.832769,1,3,16.540739,0.000000,0.000000
20260824_115519,S1A,1,firehawk,5,firehawk_05,0.001073,931.832769,931.832769,1,4,58.739728,17.369788,0.000000
20260824_115519,S1A,1,firehawk,5,firehawk_05,0.001073,931.832769,931.832769,1,5,143.547264,60.107414,3.889983
20260824_115519,S1A,1,firehawk,5,firehawk_05,0.001073,931.832769,931.832769,1,6,221.612443,41.858388,0.000000
20260824_115519,S1A,1,firehawk,5,firehawk_05,0.001073,931.832769,931.832769,1,7,317.707240,80.906684,0.000000
20260824_115519,S1A,1,firehawk,5,firehawk_05,0.001073,931.832769,931.832769,1,8,400.469614,74.900930,0.000000
20260824_115519,S1A,1,firehawk,6,firehawk_06,0.000940,1063.431579,1063.431579,1,1,0.000000,14.810654,1.332657
20260824_115519,S1A,1,firehawk,6,firehawk_06,0.000940,1063.431579,1063.431579,1,2,6.206914,0.000000,0.000000
20260824_115519,S1A,1,firehawk,6,firehawk_06,0.000940,1063.431579,1063.431579,1,3,9.875969,0.000000,0.000000
20260824_115519,S1A,1,firehawk,6,firehawk_06,0.000940,1063.431579,1063.431579,1,4,100.935947,20.982305,8.479525
20260824_115519,S1A,1,firehawk,6,firehawk_06,0.000940,1063.431579,1063.431579,1,5,127.287857,80.098286,20.016535
20260824_115519,S1A,1,firehawk,6,firehawk_06,0.000940,1063.431579,1063.431579,1,6,225.112143,28.909502,29.839461
20260824_115519,S1A,1,firehawk,6,firehawk_06,0.000940,1063.431579,1063.431579,1,7,259.333567,85.160569,0.000000
20260824_115519,S1A,1,firehawk,6,firehawk_06,0.000940,1063.431579,1063.431579,1,8,358.590010,103.532385,0.000000
20260824_115519,S1A,1,prey,7,prey_07,0.000915,1092.858232,1092.858232,1,1,0.000000,2.778015,0.000000
20260824_115519,S1A,1,prey,7,prey_07,0.000915,1092.858232,1092.858232,1,2,0.000000,0.000000,0.000000
20260824_115519,S1A,1,prey,7,prey_07,0.000915,1092.858232,1092.858232,1,3,0.000000,0.833003,25.687206
20260824_115519,S1A,1,prey,7,prey_07,0.000915,1092.858232,1092.858232,1,4,92.268951,43.201573,14.815776
20260824_115519,S1A,1,prey,7,prey_07,0.000915,1092.858232,1092.858232,1,5,148.637123,21.752739,0.000000
20260824_115519,S1A,1,prey,7,prey_07,0.000915,1092.858232,1092.858232,1,6,238.851358,44.359886,11.280911
20260824_115519,S1A,1,prey,7,prey_07,0.000915,1092.858232,1092.858232,1,7,259.608994,73.523700,0.000000
20260824_115519,S1A,1,prey,7,prey_07,0.000915,1092.858232,1092.858232,1,8,407.324933,103.821798,21.203702
20260824_115519,S1A,1,prey,8,prey_08,0.000911,1097.172845,1097.172845,1,1,27.089844,18.986110,22.417979
20260824_115519,S1A,1,prey,8,prey_08,0.000911,1097.172845,1097.172845,1,2,26.436013,24.964431,11.186193
20260824_115519,S1A,1,prey,8,prey_08,0.000911,1097.172845,1097.172845,1,3,0.000000,27.376795,32.983269
20260824_115519,S1A,1,prey,8,prey_08,0.000911,1097.172845,1097.172845,1,4,86.740642,29.581527,0.000000
20260824_115519,S1A,1,prey,8,prey_08,0.000911,1097.172845,1097.172845,1,5,120.247955,24.021956,14.260926
20260824_115519,S1A,1,prey,8,prey_08,0.000911,1097.172845,1097.172845,1,6,198.771193,47.767816,33.804358
20260824_115519,S1A,1,prey,8,prey_08,0.000911,1097.172845,1097.172845,1,7,292.244428,72.538688,40.246039
20260824_115519,S1A,1,prey,8,prey_08,0.000911,1097.172845,1097.172845,1,8,398.156851,86.218104,0.000000
20260824_115519,S1A,1,prey,9,prey_09,0.000892,1120.466561,1120.466561,1,1,0.000000,0.000000,25.554156
20260824_115519,S1A,1,prey,9,prey_09,0.000892,1120.466561,1120.466561,1,2,32.595230,9.557378,5.678381
20260824_115519,S1A,1,prey,9,prey_09,0.000892,1120.466561,1120.466561,1,3,6.066167,0.000000,0.000000
20260824_115519,S1A,1,prey,9,prey_09,0.000892,1120.466561,1120.466561,1,4,52.098522,32.345622,17.139427
20260824_115519,S1A,1,prey,9,prey_09,0.000892,1120.466561,1120.466561,1,5,135.843031,41.442274,0.000000
20260824_115519,S1A,1,prey,9,prey_09,0.000892,1120.466561,1120.466561,1,6,173.585666,56.180271,11.662743
20260824_115519,S1A,1,prey,9,prey_09,0.000892,1120.466561,1120.466561,1,7,299.172743,88.646148,15.035636
20260824_115519,S1A,1,prey,9,prey_09,0.000892,1120.466561,1120.466561,1,8,380.326532,77.380112,0.000000
20260824_115519,S1A,1,prey,10,prey_10,0.000890,1123.536199,1123.536199,1,1,0.000000,23.360444,9.265914
20260824_115519,S1A,1,prey,10,prey_10,0.000890,1123.536199,1123.536199,1,2,0.000000,0.000000,15.790334
20260824_115519,S1A,1,prey,10,prey_10,0.000890,1123.536199,1123.536199,1,3,17.706955,0.799944,22.477108
20260824_115519,S1A,1,prey,10,prey_10,0.000890,1123.536199,1123.536199,1,4,86.057337,0.000000,4.897900
20260824_115519,S1A,1,prey,10,prey_10,0.000890,1123.536199,1123.536199,1,5,131.189137,40.869623,24.507167
20260824_115519,S1A,1,prey,10,prey_10,0.000890,1123.536199,1123.536199,1,6,198.769339,32.573491,0.000000
20260824_115519,S1A,1,prey,10,prey_10,0.000890,1123.536199,1123.536199,1,7,277.528959,87.473577,0.000000
20260824_115519,S1A,1,prey,10,prey_10,0.000890,1123.536199,1123.536199,1,8,390.230001,66.124034,17.884651
20260824_115519,S1A,1,prey,11,prey_11,0.000837,1194.438269,1194.438269,1,1,0.000000,0.000000,0.000000
20260824_115519,S1A,1,prey,11,prey_11,0.000837,1194.438269,1194.438269,1,2,0.000000,12.709972,12.979322
20260824_115519,S1A,1,prey,11,prey_11,0.000837,1194.438269,1194.438269,1,3,0.000000,0.000000,25.280221
20260824_115519,S1A,1,prey,11,prey_11,0.000837,1194.438269,1194.438269,1,4,82.292427,0.000000,28.283055
20260824_115519,S1A,1,prey,11,prey_11,0.000837,1194.438269,1194.438269,1,5,179.653956,60.200429,10.840451
20260824_115519,S1A,1,prey,11,prey_11,0.000837,1194.438269,1194.438269,1,6,251.126441,27.078870,9.912921
20260824_115519,S1A,1,prey,11,prey_11,0.000837,1194.438269,1194.438269,1,7,299.963084,54.390841,0.000000
20260824_115519,S1A,1,prey,11,prey_11,0.000837,1194.438269,1194.438269,1,8,356.055285,62.703715,0.000000
20260824_115519,S1A,1,prey,12,prey_12,0.000822,1216.091100,1216.091100,1,1,0.000000,0.000000,0.000000
20260824_115519,S1A,1,prey,12,prey_12,0.000822,1216.091100,1216.091100,1,2,25.674558,0.000000,8.459184
20260824_115519,S1A,1,prey,12,prey_12,0.000822,1216.091100,1216.091100,1,3,0.818644,28.149887,37.746582
20260824_115519,S1A,1,prey,12,prey_12,0.000822,1216.091100,1216.091100,1,4,95.639756,30.226730,0.000000
20260824_115519,S1A,1,prey,12,prey_12,0.000822,1216.091100,1216.091100,1,5,135.464511,22.176993,42.090809
20260824_115519,S1A,1,prey,12,prey_12,0.000822,1216.091100,1216.091100,1,6,216.686949,75.309966,5.354439
20260824_115519,S1A,1,prey,12,prey_12,0.000822,1216.091100,1216.091100,1,7,302.555536,81.513961,32.656570
20260824_115519,S1A,1,prey,12,prey_12,0.000822,1216.091100,1216.091100,1,8,401.844459,79.132637,31.827245
20260824_115519,S1A,1,prey,13,prey_13,0.000794,1259.286761,1259.286761,1,1,0.000000,0.000000,0.000000
20260824_115519,S1A,1,prey,13,prey_13,0.000794,1259.286761,1259.286761,1,2,34.791639,10.894653,8.439323
20260824_115519,S1A,1,prey,13,prey_13,0.000794,1259.286761,1259.286761,1,3,0.000000,0.000000,31.115309
20260824_115519,S1A,1,prey,13,prey_13,0.000794,1259.286761,1259.286761,1,4,81.516124,22.276273,0.000000
20260824_115519,S1A,1,prey,13,prey_13,0.000794,1259.286761,1259.286761,1,5,125.403017,69.418392,8.374889
20260824_115519,S1A,1,prey,13,prey_13,0.000794,1259.286761,1259.286761,1,6,223.790611,19.599457,8.655028
20260824_115519,S1A,1,prey,13,prey_13,0.000794,1259.286761,1259.286761,1,7,301.506076,43.037685,9.934943
20260824_115519,S1A,1,prey,13,prey_13,0.000794,1259.286761,1259.286761,1,8,403.084110,70.513963,12.260380
20260824_115519,S1A,1,prey,14,prey_14,0.000786,1272.088099,1272.088099,1,1,17.525267,21.560769,17.723470
20260824_115519,S1A,1,prey,14,prey_14,0.000786,1272.088099,1272.088099,1,2,27.942157,0.000000,38.928167
20260824_115519,S1A,1,prey,14,prey_14,0.000786,1272.088099,1272.088099,1,3,17.301311,1.710160,0.000000
20260824_115519,S1A,1,prey,14,prey_14,0.000786,1272.088099,1272.088099,1,4,64.501852,33.563686,22.817267
20260824_115519,S1A,1,prey,14,prey_14,0.000786,1272.088099,1272.088099,1,5,126.526646,45.634364,0.000000
20260824_115519,S1A,1,prey,14,prey_14,0.000786,1272.088099,1272.088099,1,6,254.871393,41.952497,0.000000
20260824_115519,S1A,1,prey,14,prey_14,0.000786,1272.088099,1272.088099,1,7,316.506398,97.300325,9.300590
20260824_115519,S1A,1,prey,14,prey_14,0.000786,1272.088099,1272.088099,1,8,379.698894,88.276765,0.000000
20260824_115519,S1A,1,prey,15,prey_15,0.000001,1000943.490203,943.490203,0,1,0.000000,0.000000,29.955072
20260824_115519,S1A,1,prey,15,prey_15,0.000001,1000943.490203,943.490203,0,2,0.000000,19.597639,28.026635
20260824_115519,S1A,1,prey,15,prey_15,0.000001,1000943.490203,943.490203,0,3,0.443648,31.204511,0.000000
20260824_115519,S1A,1,prey,15,prey_15,0.000001,1000943.490203,943.490203,0,4,34.548584,22.680516,0.000000
20260824_115519,S1A,1,prey,15,prey_15,0.000001,1000943.490203,943.490203,0,5,122.691674,60.238486,0.000000
20260824_115519,S1A,1,prey,15,prey_15,0.000001,1000943.490203,943.490203,0,6,217.395429,47.263179,0.000000
20260824_115519,S1A,1,prey,15,prey_15,0.000001,1000943.490203,943.490203,0,7,283.089559,74.498890,0.000000
20260824_115519,S1A,1,prey,15,prey_15,0.000001,1000943.490203,943.490203,0,8,335.973309,109.700061,14.605498
20260824_115519,S1A,1,prey,16,prey_16,0.000001,1001004.720548,1004.720548,0,1,0.000000,0.000000,28.279281
20260824_115519,S1A,1,prey,16,prey_16,0.000001,1001004.720548,1004.720548,0,2,0.000000,0.000000,0.000000
20260824_115519,S1A,1,prey,16,prey_16,0.000001,1001004.720548,1004.720548,0,3,0.000000,0.000000,5.810906
20260824_115519,S1A,1,prey,16,prey_16,0.000001,1001004.720548,1004.720548,0,4,60.862468,23.940247,0.000000
20260824_115519,S1A,1,prey,16,prey_16,0.000001,1001004.720548,1004.720548,0,5,178.807631,56.646112,16.692786
20260824_115519,S1A,1,prey,16,prey_16,0.000001,1001004.720548,1004.720548,0,6,216.816939,34.245419,30.813705
20260824_115519,S1A,1,prey,16,prey_16,0.000001,1001004.720548,1004.720548,0,7,278.174151,40.950140,0.000000
20260824_115519,S1A,1,prey,16,prey_16,0.000001,1001004.720548,1004.720548,0,8,395.837198,133.276066,7.404621
20260824_115519,S1A,1,prey,17,prey_17,0.000001,1001050.683041,1050.683041,0,1,24.486394,0.000000,0.000000
20260824_115519,S1A,1,prey,17,prey_17,0.000001,1001050.683041,1050.683041,0,2,1.807520,28.424310,0.000000
20260824_115519,S1A,1,prey,17,prey_17,0.000001,1001050.683041,1050.683041,0,3,0.000000,26.604693,0.081544
20260824_115519,S1A,1,prey,17,prey_17,0.000001,1001050.683041,1050.683041,0,4,90.046109,19.006625,36.898878
20260824_115519,S1A,1,prey,17,prey_17,0.000001,1001050.683041,1050.683041,0,5,165.211644,8.424850,0.000000
20260824_115519,S1A,1,prey,17,prey_17,0.000001,1001050.683041,1050.683041,0,6,202.354278,62.320957,42.168661
20260824_115519,S1A,1,prey,17,prey_17,0.000001,1001050.683041,1050.683041,0,7,295.041621,110.256684,0.000000
20260824_115519,S1A,1,prey,17,prey_17,0.000001,1001050.683041,1050.683041,0,8,352.073660,118.440638,28.489787
20260824_115519,S1A,1,prey,18,prey_18,0.000001,1001233.510121,1233.510121,0,1,36.713611,20.650982,0.000000
20260824_115519,S1A,1,prey,18,prey_18,0.000001,1001233.510121,1233.510121,0,2,0.000000,8.653464,0.000000
20260824_115519,S1A,1,prey,18,prey_18,0.000001,1001233.510121,1233.510121,0,3,0.000000,31.403801,8.294262
20260824_115519,S1A,1,prey,18,prey_18,0.000001,1001233.510121,1233.510121,0,4,73.346384,0.000000,0.000000
20260824_115519,S1A,1,prey,18,prey_18,0.000001,1001233.510121,1233.510121,0,5,96.603115,32.558998,0.000000
20260824_115519,S1A,1,prey,18,prey_18,0.000001,1001233.510121,1233.510121,0,6,240.124779,24.153585,5.271972
20260824_115519,S1A,1,prey,18,prey_18,0.000001,1001233.510121,1233.510121,0,7,339.607233,65.096065,22.774436
20260824_115519,S1A,1,prey,18,prey_18,0.000001,1001233.510121,1233.510121,0,8,386.761446,125.699049,18.881974
20260824_115519,S1A,1,prey,19,prey_19,0.000001,1001291.223658,1291.223658,0,1,8.473514,0.000000,10.562678
20260824_115519,S1A,1,prey,19,prey_19,0.000001,1001291.223658,1291.223658,0,2,0.000000,0.000000,39.004467
20260824_115519,S1A,1,prey,19,prey_19,0.000001,1001291.223658,1291.223658,0,3,0.000000,0.000000,0.000000
20260824_115519,S1A,1,prey,19,prey_19,0.000001,1001291.223658,1291.223658,0,4,70.241898,0.000000,0.000000
20260824_115519,S1A,1,prey,19,prey_19,0.000001,1001291.223658,1291.223658,0,5,122.617808,74.691599,0.000000
20260824_115519,S1A,1,prey,19,prey_19,0.000001,1001291.223658,1291.223658,0,6,208.072423,47.828348,35.434518
20260824_115519,S1A,1,prey,19,prey_19,0.000001,1001291.223658,1291.223658,0,7,308.375637,82.773373,0.000000
20260824_115519,S1A,1,prey,19,prey_19,0.000001,1001291.223658,1291.223658,0,8,333.608612,126.724559,0.000000
20260824_115519,S1A,1,prey,20,prey_20,0.000001,1001355.953816,1355.953816,0,1,0.000000,27.960588,0.000000
20260824_115519,S1A,1,prey,20,prey_20,0.000001,1001355.953816,1355.953816,0,2,0.000000,0.000000,0.000000
20260824_115519,S1A,1,prey,20,prey_20,0.000001,1001355.953816,1355.953816,0,3,0.000000,21.007394,0.000000
20260824_115519,S1A,1,prey,20,prey_20,0.000001,1001355.953816,1355.953816,0,4,65.132886,28.979533,40.595189
20260824_115519,S1A,1,prey,20,prey_20,0.000001,1001355.953816,1355.953816,0,5,132.623494,22.709466,36.070604
20260824_115519,S1A,1,prey,20,prey_20,0.000001,1001355.953816,1355.953816,0,6,215.876418,107.900679,0.000000
20260824_115519,S1A,1,prey,20,prey_20,0.000001,1001355.953816,1355.953816,0,7,259.841303,106.135622,3.248480
20260824_115519,S1A,1,prey,20,prey_20,0.000001,1001355.953816,1355.953816,0,8,376.356914,136.613869,2.516434
20260824_115519,S1A,1,global_best,0,global_best_00,0.001310,763.275358,763.275358,1,1,0.000000,0.000000,0.000000
20260824_115519,S1A,1,global_best,0,global_best_00,0.001310,763.275358,763.275358,1,2,0.000000,0.000000,0.000000
20260824_115519,S1A,1,global_best,0,global_best_00,0.001310,763.275358,763.275358,1,3,0.000000,0.000000,0.000000
20260824_115519,S1A,1,global_best,0,global_best_00,0.001310,763.275358,763.275358,1,4,57.366835,15.504550,0.000000
20260824_115519,S1A,1,global_best,0,global_best_00,0.001310,763.275358,763.275358,1,5,139.237734,37.631820,0.000000
20260824_115519,S1A,1,global_best,0,global_best_00,0.001310,763.275358,763.275358,1,6,221.108632,59.759090,0.000000
20260824_115519,S1A,1,global_best,0,global_best_00,0.001310,763.275358,763.275358,1,7,302.979531,81.886360,0.000000
20260824_115519,S1A,1,global_best,0,global_best_00,0.001310,763.275358,763.275358,1,8,370.000000,100.000000,0.000000
20260824_115519,S1A,2,firehawk,1,firehawk_01,0.001380,724.456163,724.456163,1,1,2.433593,0.000000,60.250886
20260824_115519,S1A,2,firehawk,1,firehawk_01,0.001380,724.456163,724.456163,1,2,0.000000,0.000000,38.509691
20260824_115519,S1A,2,firehawk,1,firehawk_01,0.001380,724.456163,724.456163,1,3,9.098665,2.459099,0.000000
20260824_115519,S1A,2,firehawk,1,firehawk_01,0.001380,724.456163,724.456163,1,4,92.219369,20.623782,0.000000
20260824_115519,S1A,2,firehawk,1,firehawk_01,0.001380,724.456163,724.456163,1,5,171.417240,65.305759,0.000000
20260824_115519,S1A,2,firehawk,1,firehawk_01,0.001380,724.456163,724.456163,1,6,253.978083,74.918176,7.092425
20260824_115519,S1A,2,firehawk,1,firehawk_01,0.001380,724.456163,724.456163,1,7,328.879986,74.810675,2.168022
20260824_115519,S1A,2,firehawk,1,firehawk_01,0.001380,724.456163,724.456163,1,8,348.560105,100.387440,55.023267
20260824_115519,S1A,2,firehawk,2,firehawk_02,0.001352,739.688874,739.688874,1,1,0.000000,0.000000,60.191627
20260824_115519,S1A,2,firehawk,2,firehawk_02,0.001352,739.688874,739.688874,1,2,0.000000,0.000000,0.000000
20260824_115519,S1A,2,firehawk,2,firehawk_02,0.001352,739.688874,739.688874,1,3,9.102430,2.460116,0.624511
20260824_115519,S1A,2,firehawk,2,firehawk_02,0.001352,739.688874,739.688874,1,4,90.381667,26.997688,0.000000
20260824_115519,S1A,2,firehawk,2,firehawk_02,0.001352,739.688874,739.688874,1,5,175.316129,48.240808,12.380601
20260824_115519,S1A,2,firehawk,2,firehawk_02,0.001352,739.688874,739.688874,1,6,278.660346,40.162490,12.949746
20260824_115519,S1A,2,firehawk,2,firehawk_02,0.001352,739.688874,739.688874,1,7,335.199695,66.431208,2.652386
20260824_115519,S1A,2,firehawk,2,firehawk_02,0.001352,739.688874,739.688874,1,8,331.752602,96.274772,68.203204
20260824_115519,S1A,2,firehawk,3,firehawk_03,0.001329,752.436861,752.436861,1,1,15.117176,10.359233,63.671123
20260824_115519,S1A,2,firehawk,3,firehawk_03,0.001329,752.436861,752.436861,1,2,16.366871,22.849982,36.391269
20260824_115519,S1A,2,firehawk,3,firehawk_03,0.001329,752.436861,752.436861,1,3,12.119261,20.868778,20.588398
20260824_115519,S1A,2,firehawk,3,firehawk_03,0.001329,752.436861,752.436861,1,4,89.237867,37.747239,0.000000
20260824_115519,S1A,2,firehawk,3,firehawk_03,0.001329,752.436861,752.436861,1,5,223.969640,46.435873,48.107240
20260824_115519,S1A,2,firehawk,3,firehawk_03,0.001329,752.436861,752.436861,1,6,258.871991,63.309533,14.471573
20260824_115519,S1A,2,firehawk,3,firehawk_03,0.001329,752.436861,752.436861,1,7,320.836194,91.574950,18.838497
20260824_115519,S1A,2,firehawk,3,firehawk_03,0.001329,752.436861,752.436861,1,8,349.715122,59.461614,121.220222
20260824_115519,S1A,2,firehawk,4,firehawk_04,0.001325,754.534005,754.534005,1,1,0.000000,0.000000,60.191627
20260824_115519,S1A,2,firehawk,4,firehawk_04,0.001325,754.534005,754.534005,1,2,0.000000,0.000000,0.000000
20260824_115519,S1A,2,firehawk,4,firehawk_04,0.001325,754.534005,754.534005,1,3,9.098665,2.459099,0.000000
20260824_115519,S1A,2,firehawk,4,firehawk_04,0.001325,754.534005,754.534005,1,4,90.746795,25.440475,0.000000
20260824_115519,S1A,2,firehawk,4,firehawk_04,0.001325,754.534005,754.534005,1,5,174.149255,42.588859,0.000000
20260824_115519,S1A,2,firehawk,4,firehawk_04,0.001325,754.534005,754.534005,1,6,253.833162,91.086053,0.000000
20260824_115519,S1A,2,firehawk,4,firehawk_04,0.001325,754.534005,754.534005,1,7,323.749492,86.417177,2.101783
20260824_115519,S1A,2,firehawk,4,firehawk_04,0.001325,754.534005,754.534005,1,8,334.769225,95.702409,107.329375
20260824_115519,S1A,2,firehawk,5,firehawk_05,0.001313,761.612683,761.612683,1,1,0.000000,0.000000,60.191627
20260824_115519,S1A,2,firehawk,5,firehawk_05,0.001313,761.612683,761.612683,1,2,0.000000,0.000000,0.000000
20260824_115519,S1A,2,firehawk,5,firehawk_05,0.001313,761.612683,761.612683,1,3,12.890798,3.484000,19.426491
20260824_115519,S1A,2,firehawk,5,firehawk_05,0.001313,761.612683,761.612683,1,4,91.107111,41.933627,12.842805
20260824_115519,S1A,2,firehawk,5,firehawk_05,0.001313,761.612683,761.612683,1,5,172.663845,47.385629,0.000000
20260824_115519,S1A,2,firehawk,5,firehawk_05,0.001313,761.612683,761.612683,1,6,277.468270,38.915663,1.641576
20260824_115519,S1A,2,firehawk,5,firehawk_05,0.001313,761.612683,761.612683,1,7,344.553288,57.641895,7.750706
20260824_115519,S1A,2,firehawk,5,firehawk_05,0.001313,761.612683,761.612683,1,8,355.568332,102.733200,52.397730
20260824_115519,S1A,2,firehawk,6,firehawk_06,0.001310,763.275358,763.275358,1,1,0.000000,0.000000,0.000000
20260824_115519,S1A,2,firehawk,6,firehawk_06,0.001310,763.275358,763.275358,1,2,0.000000,0.000000,0.000000
20260824_115519,S1A,2,firehawk,6,firehawk_06,0.001310,763.275358,763.275358,1,3,0.000000,0.000000,0.000000
20260824_115519,S1A,2,firehawk,6,firehawk_06,0.001310,763.275358,763.275358,1,4,57.366835,15.504550,0.000000
20260824_115519,S1A,2,firehawk,6,firehawk_06,0.001310,763.275358,763.275358,1,5,139.237734,37.631820,0.000000
20260824_115519,S1A,2,firehawk,6,firehawk_06,0.001310,763.275358,763.275358,1,6,221.108632,59.759090,0.000000
20260824_115519,S1A,2,firehawk,6,firehawk_06,0.001310,763.275358,763.275358,1,7,302.979531,81.886360,0.000000
20260824_115519,S1A,2,firehawk,6,firehawk_06,0.001310,763.275358,763.275358,1,8,370.000000,100.000000,0.000000
20260824_115519,S1A,2,prey,7,prey_07,0.001310,763.361214,763.361214,1,1,14.664689,6.845318,62.883187
20260824_115519,S1A,2,prey,7,prey_07,0.001310,763.361214,763.361214,1,2,8.863093,22.909500,24.385500
20260824_115519,S1A,2,prey,7,prey_07,0.001310,763.361214,763.361214,1,3,13.834985,18.967404,24.351318
20260824_115519,S1A,2,prey,7,prey_07,0.001310,763.361214,763.361214,1,4,100.759309,38.123327,0.000000
20260824_115519,S1A,2,prey,7,prey_07,0.001310,763.361214,763.361214,1,5,197.240572,20.723077,20.161980
20260824_115519,S1A,2,prey,7,prey_07,0.001310,763.361214,763.361214,1,6,255.906248,68.060707,9.641438
20260824_115519,S1A,2,prey,7,prey_07,0.001310,763.361214,763.361214,1,7,391.399015,57.136716,29.694826
20260824_115519,S1A,2,prey,7,prey_07,0.001310,763.361214,763.361214,1,8,413.311463,84.538367,80.568806
20260824_115519,S1A,2,prey,8,prey_08,0.001287,776.742914,776.742914,1,1,3.459321,3.676296,60.447100
20260824_115519,S1A,2,prey,8,prey_08,0.001287,776.742914,776.742914,1,2,0.000000,0.389656,0.000000
20260824_115519,S1A,2,prey,8,prey_08,0.001287,776.742914,776.742914,1,3,9.098665,2.459099,0.000000
20260824_115519,S1A,2,prey,8,prey_08,0.001287,776.742914,776.742914,1,4,90.822238,27.265761,6.963085
20260824_115519,S1A,2,prey,8,prey_08,0.001287,776.742914,776.742914,1,5,171.652228,58.996912,7.313215
20260824_115519,S1A,2,prey,8,prey_08,0.001287,776.742914,776.742914,1,6,272.875902,56.874331,31.115429
20260824_115519,S1A,2,prey,8,prey_08,0.001287,776.742914,776.742914,1,7,320.654290,92.337858,12.874769
20260824_115519,S1A,2,prey,8,prey_08,0.001287,776.742914,776.742914,1,8,333.632823,90.107799,67.334774
20260824_115519,S1A,2,prey,9,prey_09,0.001259,794.166734,794.166734,1,1,0.000000,0.000000,60.191627
20260824_115519,S1A,2,prey,9,prey_09,0.001259,794.166734,794.166734,1,2,0.000000,0.000000,0.000000
20260824_115519,S1A,2,prey,9,prey_09,0.001259,794.166734,794.166734,1,3,10.803301,0.000000,0.000000
20260824_115519,S1A,2,prey,9,prey_09,0.001259,794.166734,794.166734,1,4,90.906788,24.820897,0.000000
20260824_115519,S1A,2,prey,9,prey_09,0.001259,794.166734,794.166734,1,5,175.261505,39.808128,0.000000
20260824_115519,S1A,2,prey,9,prey_09,0.001259,794.166734,794.166734,1,6,315.549339,68.236038,0.000000
20260824_115519,S1A,2,prey,9,prey_09,0.001259,794.166734,794.166734,1,7,320.210695,101.643209,11.102486
20260824_115519,S1A,2,prey,9,prey_09,0.001259,794.166734,794.166734,1,8,324.363828,92.992777,81.002082
20260824_115519,S1A,2,prey,10,prey_10,0.001254,797.389607,797.389607,1,1,0.000000,0.000000,60.191627
20260824_115519,S1A,2,prey,10,prey_10,0.001254,797.389607,797.389607,1,2,0.000000,16.584105,25.478938
20260824_115519,S1A,2,prey,10,prey_10,0.001254,797.389607,797.389607,1,3,8.215106,24.675569,0.000000
20260824_115519,S1A,2,prey,10,prey_10,0.001254,797.389607,797.389607,1,4,89.425691,33.300491,0.000000
20260824_115519,S1A,2,prey,10,prey_10,0.001254,797.389607,797.389607,1,5,171.140330,61.539189,0.000000
20260824_115519,S1A,2,prey,10,prey_10,0.001254,797.389607,797.389607,1,6,321.631120,35.495431,0.000000
20260824_115519,S1A,2,prey,10,prey_10,0.001254,797.389607,797.389607,1,7,333.704853,67.127563,5.280523
20260824_115519,S1A,2,prey,10,prey_10,0.001254,797.389607,797.389607,1,8,397.829793,80.899313,125.023686
20260824_115519,S1A,2,prey,11,prey_11,0.001247,801.956028,801.956028,1,1,20.249837,14.388315,66.798995
20260824_115519,S1A,2,prey,11,prey_11,0.001247,801.956028,801.956028,1,2,0.000000,9.490487,0.000000
20260824_115519,S1A,2,prey,11,prey_11,0.001247,801.956028,801.956028,1,3,11.545583,27.591332,15.947493
20260824_115519,S1A,2,prey,11,prey_11,0.001247,801.956028,801.956028,1,4,107.809585,4.211717,0.000000
20260824_115519,S1A,2,prey,11,prey_11,0.001247,801.956028,801.956028,1,5,171.264700,55.811639,0.000000
20260824_115519,S1A,2,prey,11,prey_11,0.001247,801.956028,801.956028,1,6,345.480271,55.548418,0.000000
20260824_115519,S1A,2,prey,11,prey_11,0.001247,801.956028,801.956028,1,7,354.006780,55.161482,18.969672
20260824_115519,S1A,2,prey,11,prey_11,0.001247,801.956028,801.956028,1,8,398.699745,88.201775,60.985422
20260824_115519,S1A,2,prey,12,prey_12,0.001233,810.852908,810.852908,1,1,1.779357,0.886742,60.231167
20260824_115519,S1A,2,prey,12,prey_12,0.001233,810.852908,810.852908,1,2,0.000000,0.000000,0.000000
20260824_115519,S1A,2,prey,12,prey_12,0.001233,810.852908,810.852908,1,3,11.383646,3.004264,15.142299
20260824_115519,S1A,2,prey,12,prey_12,0.001233,810.852908,810.852908,1,4,101.007598,28.456530,7.874335
20260824_115519,S1A,2,prey,12,prey_12,0.001233,810.852908,810.852908,1,5,242.094833,18.769084,16.520351
20260824_115519,S1A,2,prey,12,prey_12,0.001233,810.852908,810.852908,1,6,254.354551,70.241133,0.000000
20260824_115519,S1A,2,prey,12,prey_12,0.001233,810.852908,810.852908,1,7,331.706615,68.514628,8.880330
20260824_115519,S1A,2,prey,12,prey_12,0.001233,810.852908,810.852908,1,8,416.530237,95.490981,82.454496
20260824_115519,S1A,2,prey,13,prey_13,0.001227,815.090674,815.090674,1,1,9.118702,7.886461,61.666860
20260824_115519,S1A,2,prey,13,prey_13,0.001227,815.090674,815.090674,1,2,21.551686,0.000000,30.491685
20260824_115519,S1A,2,prey,13,prey_13,0.001227,815.090674,815.090674,1,3,19.816942,1.504903,0.000000
20260824_115519,S1A,2,prey,13,prey_13,0.001227,815.090674,815.090674,1,4,90.242979,33.234720,8.954303
20260824_115519,S1A,2,prey,13,prey_13,0.001227,815.090674,815.090674,1,5,171.575942,66.579103,0.000000
20260824_115519,S1A,2,prey,13,prey_13,0.001227,815.090674,815.090674,1,6,256.642372,63.101588,0.000000
20260824_115519,S1A,2,prey,13,prey_13,0.001227,815.090674,815.090674,1,7,380.154425,104.736450,5.596662
20260824_115519,S1A,2,prey,13,prey_13,0.001227,815.090674,815.090674,1,8,413.909298,88.463007,79.242370
20260824_115519,S1A,2,prey,14,prey_14,0.001227,815.271049,815.271049,1,1,0.091666,1.649222,60.218918
20260824_115519,S1A,2,prey,14,prey_14,0.001227,815.271049,815.271049,1,2,0.000000,5.268943,4.109105
20260824_115519,S1A,2,prey,14,prey_14,0.001227,815.271049,815.271049,1,3,10.368981,2.802427,11.395517
20260824_115519,S1A,2,prey,14,prey_14,0.001227,815.271049,815.271049,1,4,94.446185,18.814803,11.816812
20260824_115519,S1A,2,prey,14,prey_14,0.001227,815.271049,815.271049,1,5,179.920077,54.177777,27.027770
20260824_115519,S1A,2,prey,14,prey_14,0.001227,815.271049,815.271049,1,6,254.270177,70.783348,2.030246
20260824_115519,S1A,2,prey,14,prey_14,0.001227,815.271049,815.271049,1,7,325.186617,78.386965,10.419643
20260824_115519,S1A,2,prey,14,prey_14,0.001227,815.271049,815.271049,1,8,406.937284,81.159628,72.251022
20260824_115519,S1A,2,prey,15,prey_15,0.001205,830.137838,830.137838,1,1,0.000000,10.998434,61.416280
20260824_115519,S1A,2,prey,15,prey_15,0.001205,830.137838,830.137838,1,2,0.000000,0.000000,0.000000
20260824_115519,S1A,2,prey,15,prey_15,0.001205,830.137838,830.137838,1,3,12.978370,16.572942,0.000000
20260824_115519,S1A,2,prey,15,prey_15,0.001205,830.137838,830.137838,1,4,99.362726,33.627327,29.898960
20260824_115519,S1A,2,prey,15,prey_15,0.001205,830.137838,830.137838,1,5,174.194450,54.373098,16.433215
20260824_115519,S1A,2,prey,15,prey_15,0.001205,830.137838,830.137838,1,6,253.036503,84.272559,0.000000
20260824_115519,S1A,2,prey,15,prey_15,0.001205,830.137838,830.137838,1,7,321.259408,89.377784,11.988671
20260824_115519,S1A,2,prey,15,prey_15,0.001205,830.137838,830.137838,1,8,414.656607,94.391651,78.412419
20260824_115519,S1A,2,prey,16,prey_16,0.001201,832.315195,832.315195,1,1,0.000000,0.000000,60.191627
20260824_115519,S1A,2,prey,16,prey_16,0.001201,832.315195,832.315195,1,2,0.000000,10.570584,12.191387
20260824_115519,S1A,2,prey,16,prey_16,0.001201,832.315195,832.315195,1,3,10.668578,1.371575,10.933061
20260824_115519,S1A,2,prey,16,prey_16,0.001201,832.315195,832.315195,1,4,97.112856,17.442519,17.829380
20260824_115519,S1A,2,prey,16,prey_16,0.001201,832.315195,832.315195,1,5,173.088474,59.260886,4.349261
20260824_115519,S1A,2,prey,16,prey_16,0.001201,832.315195,832.315195,1,6,305.860380,32.344777,6.110015
20260824_115519,S1A,2,prey,16,prey_16,0.001201,832.315195,832.315195,1,7,320.760779,93.214224,9.956251
20260824_115519,S1A,2,prey,16,prey_16,0.001201,832.315195,832.315195,1,8,322.484590,93.777567,85.923931
20260824_115519,S1A,2,prey,17,prey_17,0.001197,835.129703,835.129703,1,1,0.000000,9.228196,61.050601
20260824_115519,S1A,2,prey,17,prey_17,0.001197,835.129703,835.129703,1,2,0.000000,0.000000,15.684169
20260824_115519,S1A,2,prey,17,prey_17,0.001197,835.129703,835.129703,1,3,17.367793,0.000000,20.520259
20260824_115519,S1A,2,prey,17,prey_17,0.001197,835.129703,835.129703,1,4,93.533234,17.356249,0.000000
20260824_115519,S1A,2,prey,17,prey_17,0.001197,835.129703,835.129703,1,5,177.138522,46.383038,19.690368
20260824_115519,S1A,2,prey,17,prey_17,0.001197,835.129703,835.129703,1,6,260.211241,55.985137,0.000000
20260824_115519,S1A,2,prey,17,prey_17,0.001197,835.129703,835.129703,1,7,320.181251,99.492153,11.160184
20260824_115519,S1A,2,prey,17,prey_17,0.001197,835.129703,835.129703,1,8,415.862889,97.329578,80.456779
20260824_115519,S1A,2,prey,18,prey_18,0.001196,836.046358,836.046358,1,1,7.259967,10.498035,61.848229
20260824_115519,S1A,2,prey,18,prey_18,0.001196,836.046358,836.046358,1,2,0.000000,7.032908,0.000000
20260824_115519,S1A,2,prey,18,prey_18,0.001196,836.046358,836.046358,1,3,11.729990,3.170267,16.283238
20260824_115519,S1A,2,prey,18,prey_18,0.001196,836.046358,836.046358,1,4,94.520335,17.858590,10.458184
20260824_115519,S1A,2,prey,18,prey_18,0.001196,836.046358,836.046358,1,5,171.678942,67.289407,0.000000
20260824_115519,S1A,2,prey,18,prey_18,0.001196,836.046358,836.046358,1,6,254.623375,84.774546,12.383076
20260824_115519,S1A,2,prey,18,prey_18,0.001196,836.046358,836.046358,1,7,320.269664,98.942999,10.306206
20260824_115519,S1A,2,prey,18,prey_18,0.001196,836.046358,836.046358,1,8,365.239686,64.077550,65.739965
20260824_115519,S1A,2,prey,19,prey_19,0.001192,839.016573,839.016573,1,1,5.384077,15.861036,63.080702
20260824_115519,S1A,2,prey,19,prey_19,0.001192,839.016573,839.016573,1,2,25.738112,0.000000,38.197375
20260824_115519,S1A,2,prey,19,prey_19,0.001192,839.016573,839.016573,1,3,25.007906,0.000000,0.000000
20260824_115519,S1A,2,prey,19,prey_19,0.001192,839.016573,839.016573,1,4,90.529109,40.276968,10.976023
20260824_115519,S1A,2,prey,19,prey_19,0.001192,839.016573,839.016573,1,5,171.337598,58.129150,4.493038
20260824_115519,S1A,2,prey,19,prey_19,0.001192,839.016573,839.016573,1,6,254.069649,71.502553,0.000000
20260824_115519,S1A,2,prey,19,prey_19,0.001192,839.016573,839.016573,1,7,387.819729,82.933150,9.079339
20260824_115519,S1A,2,prey,19,prey_19,0.001192,839.016573,839.016573,1,8,397.067141,61.507015,113.951601
20260824_115519,S1A,2,prey,20,prey_20,0.001189,840.976551,840.976551,1,1,0.000000,12.074237,61.671396
20260824_115519,S1A,2,prey,20,prey_20,0.001189,840.976551,840.976551,1,2,0.000000,0.000000,0.000000
20260824_115519,S1A,2,prey,20,prey_20,0.001189,840.976551,840.976551,1,3,7.411588,13.389528,0.000000
20260824_115519,S1A,2,prey,20,prey_20,0.001189,840.976551,840.976551,1,4,93.549173,31.298930,19.298962
20260824_115519,S1A,2,prey,20,prey_20,0.001189,840.976551,840.976551,1,5,207.370631,38.713060,29.677288
20260824_115519,S1A,2,prey,20,prey_20,0.001189,840.976551,840.976551,1,6,253.171990,86.269151,0.000000
20260824_115519,S1A,2,prey,20,prey_20,0.001189,840.976551,840.976551,1,7,327.142445,125.292709,10.534657
20260824_115519,S1A,2,prey,20,prey_20,0.001189,840.976551,840.976551,1,8,322.657414,96.756358,84.438583
20260824_115519,S1A,2,global_best,0,global_best_00,0.001380,724.456163,724.456163,1,1,2.433593,0.000000,60.250886
20260824_115519,S1A,2,global_best,0,global_best_00,0.001380,724.456163,724.456163,1,2,0.000000,0.000000,38.509691
20260824_115519,S1A,2,global_best,0,global_best_00,0.001380,724.456163,724.456163,1,3,9.098665,2.459099,0.000000
20260824_115519,S1A,2,global_best,0,global_best_00,0.001380,724.456163,724.456163,1,4,92.219369,20.623782,0.000000
20260824_115519,S1A,2,global_best,0,global_best_00,0.001380,724.456163,724.456163,1,5,171.417240,65.305759,0.000000
20260824_115519,S1A,2,global_best,0,global_best_00,0.001380,724.456163,724.456163,1,6,253.978083,74.918176,7.092425
20260824_115519,S1A,2,global_best,0,global_best_00,0.001380,724.456163,724.456163,1,7,328.879986,74.810675,2.168022
20260824_115519,S1A,2,global_best,0,global_best_00,0.001380,724.456163,724.456163,1,8,348.560105,100.387440,55.023267
20260824_115519,S1A,3,firehawk,1,firehawk_01,0.001454,687.812882,687.812882,1,1,0.000000,0.000000,115.377436
20260824_115519,S1A,3,firehawk,1,firehawk_01,0.001454,687.812882,687.812882,1,2,0.000000,0.000000,9.060323
20260824_115519,S1A,3,firehawk,1,firehawk_01,0.001454,687.812882,687.812882,1,3,4.606394,0.530626,0.000000
20260824_115519,S1A,3,firehawk,1,firehawk_01,0.001454,687.812882,687.812882,1,4,79.397462,27.228734,0.000000
20260824_115519,S1A,3,firehawk,1,firehawk_01,0.001454,687.812882,687.812882,1,5,154.714178,50.571754,1.713191
20260824_115519,S1A,3,firehawk,1,firehawk_01,0.001454,687.812882,687.812882,1,6,232.742291,62.430676,4.433523
20260824_115519,S1A,3,firehawk,1,firehawk_01,0.001454,687.812882,687.812882,1,7,289.549519,88.050929,24.711819
20260824_115519,S1A,3,firehawk,1,firehawk_01,0.001454,687.812882,687.812882,1,8,323.593557,90.117216,113.708271
20260824_115519,S1A,3,firehawk,2,firehawk_02,0.001414,707.137630,707.137630,1,1,0.000000,0.000000,64.721985
20260824_115519,S1A,3,firehawk,2,firehawk_02,0.001414,707.137630,707.137630,1,2,0.000000,3.991813,29.993764
20260824_115519,S1A,3,firehawk,2,firehawk_02,0.001414,707.137630,707.137630,1,3,4.249662,2.715253,3.313180
20260824_115519,S1A,3,firehawk,2,firehawk_02,0.001414,707.137630,707.137630,1,4,83.096328,21.003611,9.010211
20260824_115519,S1A,3,firehawk,2,firehawk_02,0.001414,707.137630,707.137630,1,5,175.253389,56.338606,25.550345
20260824_115519,S1A,3,firehawk,2,firehawk_02,0.001414,707.137630,707.137630,1,6,231.859851,66.544020,5.163455
20260824_115519,S1A,3,firehawk,2,firehawk_02,0.001414,707.137630,707.137630,1,7,296.599595,63.392438,22.355757
20260824_115519,S1A,3,firehawk,2,firehawk_02,0.001414,707.137630,707.137630,1,8,332.686060,60.448954,112.178029
20260824_115519,S1A,3,firehawk,3,firehawk_03,0.001380,724.456163,724.456163,1,1,2.433593,0.000000,60.250886
20260824_115519,S1A,3,firehawk,3,firehawk_03,0.001380,724.456163,724.456163,1,2,0.000000,0.000000,38.509691
20260824_115519,S1A,3,firehawk,3,firehawk_03,0.001380,724.456163,724.456163,1,3,9.098665,2.459099,0.000000
20260824_115519,S1A,3,firehawk,3,firehawk_03,0.001380,724.456163,724.456163,1,4,92.219369,20.623782,0.000000
20260824_115519,S1A,3,firehawk,3,firehawk_03,0.001380,724.456163,724.456163,1,5,171.417240,65.305759,0.000000
20260824_115519,S1A,3,firehawk,3,firehawk_03,0.001380,724.456163,724.456163,1,6,253.978083,74.918176,7.092425
20260824_115519,S1A,3,firehawk,3,firehawk_03,0.001380,724.456163,724.456163,1,7,328.879986,74.810675,2.168022
20260824_115519,S1A,3,firehawk,3,firehawk_03,0.001380,724.456163,724.456163,1,8,348.560105,100.387440,55.023267
20260824_115519,S1A,3,firehawk,4,firehawk_04,0.001376,726.877945,726.877945,1,1,0.296314,0.000000,90.412229
20260824_115519,S1A,3,firehawk,4,firehawk_04,0.001376,726.877945,726.877945,1,2,0.000000,0.000000,27.839480
20260824_115519,S1A,3,firehawk,4,firehawk_04,0.001376,726.877945,726.877945,1,3,6.035557,1.122035,12.261060
20260824_115519,S1A,3,firehawk,4,firehawk_04,0.001376,726.877945,726.877945,1,4,141.517000,20.546741,7.613641
20260824_115519,S1A,3,firehawk,4,firehawk_04,0.001376,726.877945,726.877945,1,5,155.080224,49.929743,5.863481
20260824_115519,S1A,3,firehawk,4,firehawk_04,0.001376,726.877945,726.877945,1,6,231.306902,71.213704,4.195201
20260824_115519,S1A,3,firehawk,4,firehawk_04,0.001376,726.877945,726.877945,1,7,293.835588,103.324416,15.535241
20260824_115519,S1A,3,firehawk,4,firehawk_04,0.001376,726.877945,726.877945,1,8,314.590663,87.155323,82.365151
20260824_115519,S1A,3,firehawk,5,firehawk_05,0.001371,729.192807,729.192807,1,1,4.480653,11.484288,79.345398
20260824_115519,S1A,3,firehawk,5,firehawk_05,0.001371,729.192807,729.192807,1,2,24.474426,0.000000,29.799148
20260824_115519,S1A,3,firehawk,5,firehawk_05,0.001371,729.192807,729.192807,1,3,17.325704,0.000000,7.832525
20260824_115519,S1A,3,firehawk,5,firehawk_05,0.001371,729.192807,729.192807,1,4,121.331731,25.796606,13.739518
20260824_115519,S1A,3,firehawk,5,firehawk_05,0.001371,729.192807,729.192807,1,5,151.405310,65.139006,2.541724
20260824_115519,S1A,3,firehawk,5,firehawk_05,0.001371,729.192807,729.192807,1,6,240.393460,46.065495,2.501570
20260824_115519,S1A,3,firehawk,5,firehawk_05,0.001371,729.192807,729.192807,1,7,302.078575,56.686627,19.206297
20260824_115519,S1A,3,firehawk,5,firehawk_05,0.001371,729.192807,729.192807,1,8,324.610231,62.662751,98.824736
20260824_115519,S1A,3,firehawk,6,firehawk_06,0.001349,741.246952,741.246952,1,1,0.506751,0.000000,64.526960
20260824_115519,S1A,3,firehawk,6,firehawk_06,0.001349,741.246952,741.246952,1,2,0.000000,0.000000,0.000000
20260824_115519,S1A,3,firehawk,6,firehawk_06,0.001349,741.246952,741.246952,1,3,6.065258,0.000000,0.000000
20260824_115519,S1A,3,firehawk,6,firehawk_06,0.001349,741.246952,741.246952,1,4,126.423559,21.039999,0.000000
20260824_115519,S1A,3,firehawk,6,firehawk_06,0.001349,741.246952,741.246952,1,5,194.507607,53.082420,0.000000
20260824_115519,S1A,3,firehawk,6,firehawk_06,0.001349,741.246952,741.246952,1,6,237.563070,99.009658,1.179043
20260824_115519,S1A,3,firehawk,6,firehawk_06,0.001349,741.246952,741.246952,1,7,291.447065,93.292991,16.313698
20260824_115519,S1A,3,firehawk,6,firehawk_06,0.001349,741.246952,741.246952,1,8,339.729511,60.596026,88.167962
20260824_115519,S1A,3,prey,7,prey_07,0.001343,744.570652,744.570652,1,1,7.647617,0.566558,64.906382
20260824_115519,S1A,3,prey,7,prey_07,0.001343,744.570652,744.570652,1,2,5.046745,21.003521,19.087450
20260824_115519,S1A,3,prey,7,prey_07,0.001343,744.570652,744.570652,1,3,15.962655,15.175566,23.808965
20260824_115519,S1A,3,prey,7,prey_07,0.001343,744.570652,744.570652,1,4,78.377263,31.699890,0.000000
20260824_115519,S1A,3,prey,7,prey_07,0.001343,744.570652,744.570652,1,5,158.726907,43.727177,10.448042
20260824_115519,S1A,3,prey,7,prey_07,0.001343,744.570652,744.570652,1,6,327.501518,56.114934,5.911927
20260824_115519,S1A,3,prey,7,prey_07,0.001343,744.570652,744.570652,1,7,381.240332,61.194779,28.334864
20260824_115519,S1A,3,prey,7,prey_07,0.001343,744.570652,744.570652,1,8,402.284853,90.000040,87.265646
20260824_115519,S1A,3,prey,8,prey_08,0.001324,755.521775,755.521775,1,1,5.968675,2.759358,71.074995
20260824_115519,S1A,3,prey,8,prey_08,0.001324,755.521775,755.521775,1,2,8.694969,13.075786,21.497232
20260824_115519,S1A,3,prey,8,prey_08,0.001324,755.521775,755.521775,1,3,20.787305,19.802372,37.243819
20260824_115519,S1A,3,prey,8,prey_08,0.001324,755.521775,755.521775,1,4,151.108724,38.585744,9.782569
20260824_115519,S1A,3,prey,8,prey_08,0.001324,755.521775,755.521775,1,5,153.339623,56.914232,10.413790
20260824_115519,S1A,3,prey,8,prey_08,0.001324,755.521775,755.521775,1,6,330.989694,71.499323,7.667307
20260824_115519,S1A,3,prey,8,prey_08,0.001324,755.521775,755.521775,1,7,300.268946,57.070855,28.065587
20260824_115519,S1A,3,prey,8,prey_08,0.001324,755.521775,755.521775,1,8,307.115778,98.011364,101.497883
20260824_115519,S1A,3,prey,9,prey_09,0.001320,757.429496,757.429496,1,1,0.000000,0.000000,93.711357
20260824_115519,S1A,3,prey,9,prey_09,0.001320,757.429496,757.429496,1,2,0.000000,0.000000,5.542533
20260824_115519,S1A,3,prey,9,prey_09,0.001320,757.429496,757.429496,1,3,14.736399,3.375731,19.426491
20260824_115519,S1A,3,prey,9,prey_09,0.001320,757.429496,757.429496,1,4,97.622366,42.779838,12.842805
20260824_115519,S1A,3,prey,9,prey_09,0.001320,757.429496,757.429496,1,5,152.520379,57.795488,0.971189
20260824_115519,S1A,3,prey,9,prey_09,0.001320,757.429496,757.429496,1,6,330.053006,64.427279,5.787657
20260824_115519,S1A,3,prey,9,prey_09,0.001320,757.429496,757.429496,1,7,344.039820,92.875702,8.004056
20260824_115519,S1A,3,prey,9,prey_09,0.001320,757.429496,757.429496,1,8,387.611764,102.894124,141.150707
20260824_115519,S1A,3,prey,10,prey_10,0.001311,762.789924,762.789924,1,1,3.939432,12.615093,87.985265
20260824_115519,S1A,3,prey,10,prey_10,0.001311,762.789924,762.789924,1,2,21.434857,0.000000,40.286014
20260824_115519,S1A,3,prey,10,prey_10,0.001311,762.789924,762.789924,1,3,15.283213,0.000000,0.000000
20260824_115519,S1A,3,prey,10,prey_10,0.001311,762.789924,762.789924,1,4,89.209605,49.384365,7.933129
20260824_115519,S1A,3,prey,10,prey_10,0.001311,762.789924,762.789924,1,5,197.847686,61.241542,0.000000
20260824_115519,S1A,3,prey,10,prey_10,0.001311,762.789924,762.789924,1,6,327.620560,93.299335,3.851333
20260824_115519,S1A,3,prey,10,prey_10,0.001311,762.789924,762.789924,1,7,289.523534,86.242717,25.388457
20260824_115519,S1A,3,prey,10,prey_10,0.001311,762.789924,762.789924,1,8,307.231697,96.775988,110.177905
20260824_115519,S1A,3,prey,11,prey_11,0.001303,767.309778,767.309778,1,1,9.218892,7.811026,65.746212
20260824_115519,S1A,3,prey,11,prey_11,0.001303,767.309778,767.309778,1,2,7.277526,9.050748,6.687305
20260824_115519,S1A,3,prey,11,prey_11,0.001303,767.309778,767.309778,1,3,22.391290,3.765366,28.322008
20260824_115519,S1A,3,prey,11,prey_11,0.001303,767.309778,767.309778,1,4,91.179044,45.721872,0.000000
20260824_115519,S1A,3,prey,11,prey_11,0.001303,767.309778,767.309778,1,5,161.145349,53.164950,27.979931
20260824_115519,S1A,3,prey,11,prey_11,0.001303,767.309778,767.309778,1,6,231.541653,68.761994,4.531195
20260824_115519,S1A,3,prey,11,prey_11,0.001303,767.309778,767.309778,1,7,289.795949,81.460902,27.562738
20260824_115519,S1A,3,prey,11,prey_11,0.001303,767.309778,767.309778,1,8,307.436422,95.053604,110.732226
20260824_115519,S1A,3,prey,12,prey_12,0.001299,769.719844,769.719844,1,1,16.242488,10.359233,106.340340
20260824_115519,S1A,3,prey,12,prey_12,0.001299,769.719844,769.719844,1,2,16.366871,22.849982,53.816187
20260824_115519,S1A,3,prey,12,prey_12,0.001299,769.719844,769.719844,1,3,18.762275,23.305265,20.588398
20260824_115519,S1A,3,prey,12,prey_12,0.001299,769.719844,769.719844,1,4,77.788602,45.102777,0.000000
20260824_115519,S1A,3,prey,12,prey_12,0.001299,769.719844,769.719844,1,5,247.000930,57.462093,19.320915
20260824_115519,S1A,3,prey,12,prey_12,0.001299,769.719844,769.719844,1,6,330.662371,71.203423,11.305754
20260824_115519,S1A,3,prey,12,prey_12,0.001299,769.719844,769.719844,1,7,289.373803,86.651328,27.161782
20260824_115519,S1A,3,prey,12,prey_12,0.001299,769.719844,769.719844,1,8,380.711435,69.832966,137.336788
20260824_115519,S1A,3,prey,13,prey_13,0.001288,776.647778,776.647778,1,1,0.772277,4.018462,64.684393
20260824_115519,S1A,3,prey,13,prey_13,0.001288,776.647778,776.647778,1,2,0.000000,0.000000,3.285991
20260824_115519,S1A,3,prey,13,prey_13,0.001288,776.647778,776.647778,1,3,6.798977,17.245516,0.000000
20260824_115519,S1A,3,prey,13,prey_13,0.001288,776.647778,776.647778,1,4,121.130979,30.906607,25.368720
20260824_115519,S1A,3,prey,13,prey_13,0.001288,776.647778,776.647778,1,5,168.578801,47.675624,8.157667
20260824_115519,S1A,3,prey,13,prey_13,0.001288,776.647778,776.647778,1,6,328.805223,59.778892,3.921514
20260824_115519,S1A,3,prey,13,prey_13,0.001288,776.647778,776.647778,1,7,337.910212,40.510250,15.428133
20260824_115519,S1A,3,prey,13,prey_13,0.001288,776.647778,776.647778,1,8,402.597325,86.058598,91.064041
20260824_115519,S1A,3,prey,14,prey_14,0.001286,777.365796,777.365796,1,1,0.965235,0.000000,64.520379
20260824_115519,S1A,3,prey,14,prey_14,0.001286,777.365796,777.365796,1,2,0.000000,0.000000,0.000000
20260824_115519,S1A,3,prey,14,prey_14,0.001286,777.365796,777.365796,1,3,4.265281,2.071454,0.000000
20260824_115519,S1A,3,prey,14,prey_14,0.001286,777.365796,777.365796,1,4,78.719462,29.976627,0.000000
20260824_115519,S1A,3,prey,14,prey_14,0.001286,777.365796,777.365796,1,5,155.593446,48.490644,1.260370
20260824_115519,S1A,3,prey,14,prey_14,0.001286,777.365796,777.365796,1,6,267.834834,78.572688,3.246241
20260824_115519,S1A,3,prey,14,prey_14,0.001286,777.365796,777.365796,1,7,292.142314,102.226368,20.788083
20260824_115519,S1A,3,prey,14,prey_14,0.001286,777.365796,777.365796,1,8,393.953968,86.888672,74.776210
20260824_115519,S1A,3,prey,15,prey_15,0.001285,778.067891,778.067891,1,1,2.365804,1.598162,64.551870
20260824_115519,S1A,3,prey,15,prey_15,0.001285,778.067891,778.067891,1,2,0.000000,0.000000,0.000000
20260824_115519,S1A,3,prey,15,prey_15,0.001285,778.067891,778.067891,1,3,4.524087,0.882082,0.000000
20260824_115519,S1A,3,prey,15,prey_15,0.001285,778.067891,778.067891,1,4,78.535566,31.262334,2.755951
20260824_115519,S1A,3,prey,15,prey_15,0.001285,778.067891,778.067891,1,5,220.357495,22.813677,7.328850
20260824_115519,S1A,3,prey,15,prey_15,0.001285,778.067891,778.067891,1,6,242.320577,51.662518,26.577079
20260824_115519,S1A,3,prey,15,prey_15,0.001285,778.067891,778.067891,1,7,342.620075,55.086425,4.659510
20260824_115519,S1A,3,prey,15,prey_15,0.001285,778.067891,778.067891,1,8,396.718086,100.559622,76.986280
20260824_115519,S1A,3,prey,16,prey_16,0.001269,788.053611,788.053611,1,1,6.960080,0.876298,64.829869
20260824_115519,S1A,3,prey,16,prey_16,0.001269,788.053611,788.053611,1,2,15.215999,0.000000,46.300814
20260824_115519,S1A,3,prey,16,prey_16,0.001269,788.053611,788.053611,1,3,12.528396,3.645018,0.000000
20260824_115519,S1A,3,prey,16,prey_16,0.001269,788.053611,788.053611,1,4,141.019789,23.125271,3.505745
20260824_115519,S1A,3,prey,16,prey_16,0.001269,788.053611,788.053611,1,5,220.523802,37.165915,0.000000
20260824_115519,S1A,3,prey,16,prey_16,0.001269,788.053611,788.053611,1,6,247.314484,38.110853,3.701615
20260824_115519,S1A,3,prey,16,prey_16,0.001269,788.053611,788.053611,1,7,356.508568,95.734228,0.671793
20260824_115519,S1A,3,prey,16,prey_16,0.001269,788.053611,788.053611,1,8,403.329426,96.042992,87.504903
20260824_115519,S1A,3,prey,17,prey_17,0.001266,789.804648,789.804648,1,1,0.697775,3.503547,64.646621
20260824_115519,S1A,3,prey,17,prey_17,0.001266,789.804648,789.804648,1,2,0.000000,0.000000,0.000000
20260824_115519,S1A,3,prey,17,prey_17,0.001266,789.804648,789.804648,1,3,6.561864,13.139434,0.000000
20260824_115519,S1A,3,prey,17,prey_17,0.001266,789.804648,789.804648,1,4,89.523846,25.564842,12.613769
20260824_115519,S1A,3,prey,17,prey_17,0.001266,789.804648,789.804648,1,5,223.607405,72.589671,20.235116
20260824_115519,S1A,3,prey,17,prey_17,0.001266,789.804648,789.804648,1,6,231.179836,74.603232,3.924588
20260824_115519,S1A,3,prey,17,prey_17,0.001266,789.804648,789.804648,1,7,291.745321,103.153106,25.404661
20260824_115519,S1A,3,prey,17,prey_17,0.001266,789.804648,789.804648,1,8,394.874648,77.204342,123.292954
20260824_115519,S1A,3,prey,18,prey_18,0.001259,794.140588,794.140588,1,1,0.000000,0.000000,75.785919
20260824_115519,S1A,3,prey,18,prey_18,0.001259,794.140588,794.140588,1,2,0.000000,0.000000,0.000000
20260824_115519,S1A,3,prey,18,prey_18,0.001259,794.140588,794.140588,1,3,23.657134,0.000000,21.680807
20260824_115519,S1A,3,prey,18,prey_18,0.001259,794.140588,794.140588,1,4,100.555758,18.635285,7.840297
20260824_115519,S1A,3,prey,18,prey_18,0.001259,794.140588,794.140588,1,5,182.133737,43.035948,11.143026
20260824_115519,S1A,3,prey,18,prey_18,0.001259,794.140588,794.140588,1,6,331.056004,72.159791,3.574941
20260824_115519,S1A,3,prey,18,prey_18,0.001259,794.140588,794.140588,1,7,379.019897,112.394980,11.640921
20260824_115519,S1A,3,prey,18,prey_18,0.001259,794.140588,794.140588,1,8,406.551417,96.783090,100.810123
20260824_115519,S1A,3,prey,19,prey_19,0.001254,797.410804,797.410804,1,1,0.683057,0.000000,64.523932
20260824_115519,S1A,3,prey,19,prey_19,0.001254,797.410804,797.410804,1,2,0.000000,15.856945,21.658450
20260824_115519,S1A,3,prey,19,prey_19,0.001254,797.410804,797.410804,1,3,5.845115,23.216023,0.000000
20260824_115519,S1A,3,prey,19,prey_19,0.001254,797.410804,797.410804,1,4,127.676644,20.659010,0.000000
20260824_115519,S1A,3,prey,19,prey_19,0.001254,797.410804,797.410804,1,5,201.605482,89.808488,7.453891
20260824_115519,S1A,3,prey,19,prey_19,0.001254,797.410804,797.410804,1,6,328.043224,57.508680,5.785086
20260824_115519,S1A,3,prey,19,prey_19,0.001254,797.410804,797.410804,1,7,373.925273,58.756569,9.427075
20260824_115519,S1A,3,prey,19,prey_19,0.001254,797.410804,797.410804,1,8,406.641933,101.879161,110.371207
20260824_115519,S1A,3,prey,20,prey_20,0.001246,802.370936,802.370936,1,1,2.656003,0.000000,115.724788
20260824_115519,S1A,3,prey,20,prey_20,0.001246,802.370936,802.370936,1,2,0.000000,0.000000,61.604427
20260824_115519,S1A,3,prey,20,prey_20,0.001246,802.370936,802.370936,1,3,12.687073,4.477333,0.000000
20260824_115519,S1A,3,prey,20,prey_20,0.001246,802.370936,802.370936,1,4,127.940245,15.942312,0.000000
20260824_115519,S1A,3,prey,20,prey_20,0.001246,802.370936,802.370936,1,5,247.913697,86.768454,1.529880
20260824_115519,S1A,3,prey,20,prey_20,0.001246,802.370936,802.370936,1,6,328.127351,63.499322,12.827408
20260824_115519,S1A,3,prey,20,prey_20,0.001246,802.370936,802.370936,1,7,368.405372,69.830939,4.116576
20260824_115519,S1A,3,prey,20,prey_20,0.001246,802.370936,802.370936,1,8,306.996356,103.323417,105.992152
20260824_115519,S1A,3,global_best,0,global_best_00,0.001454,687.812882,687.812882,1,1,0.000000,0.000000,115.377436
20260824_115519,S1A,3,global_best,0,global_best_00,0.001454,687.812882,687.812882,1,2,0.000000,0.000000,9.060323
20260824_115519,S1A,3,global_best,0,global_best_00,0.001454,687.812882,687.812882,1,3,4.606394,0.530626,0.000000
20260824_115519,S1A,3,global_best,0,global_best_00,0.001454,687.812882,687.812882,1,4,79.397462,27.228734,0.000000
20260824_115519,S1A,3,global_best,0,global_best_00,0.001454,687.812882,687.812882,1,5,154.714178,50.571754,1.713191
20260824_115519,S1A,3,global_best,0,global_best_00,0.001454,687.812882,687.812882,1,6,232.742291,62.430676,4.433523
20260824_115519,S1A,3,global_best,0,global_best_00,0.001454,687.812882,687.812882,1,7,289.549519,88.050929,24.711819
20260824_115519,S1A,3,global_best,0,global_best_00,0.001454,687.812882,687.812882,1,8,323.593557,90.117216,113.708271
20260824_115519,S1A,4,firehawk,1,firehawk_01,0.001454,687.812882,687.812882,1,1,0.000000,0.000000,115.377436
20260824_115519,S1A,4,firehawk,1,firehawk_01,0.001454,687.812882,687.812882,1,2,0.000000,0.000000,9.060323
20260824_115519,S1A,4,firehawk,1,firehawk_01,0.001454,687.812882,687.812882,1,3,4.606394,0.530626,0.000000
20260824_115519,S1A,4,firehawk,1,firehawk_01,0.001454,687.812882,687.812882,1,4,79.397462,27.228734,0.000000
20260824_115519,S1A,4,firehawk,1,firehawk_01,0.001454,687.812882,687.812882,1,5,154.714178,50.571754,1.713191
20260824_115519,S1A,4,firehawk,1,firehawk_01,0.001454,687.812882,687.812882,1,6,232.742291,62.430676,4.433523
20260824_115519,S1A,4,firehawk,1,firehawk_01,0.001454,687.812882,687.812882,1,7,289.549519,88.050929,24.711819
20260824_115519,S1A,4,firehawk,1,firehawk_01,0.001454,687.812882,687.812882,1,8,323.593557,90.117216,113.708271
20260824_115519,S1A,4,firehawk,2,firehawk_02,0.001412,708.391897,708.391897,1,1,0.000000,0.000000,77.850056
20260824_115519,S1A,4,firehawk,2,firehawk_02,0.001412,708.391897,708.391897,1,2,0.000000,1.059562,51.579755
20260824_115519,S1A,4,firehawk,2,firehawk_02,0.001412,708.391897,708.391897,1,3,11.282976,0.677418,0.000000
20260824_115519,S1A,4,firehawk,2,firehawk_02,0.001412,708.391897,708.391897,1,4,116.179245,0.000000,0.000000
20260824_115519,S1A,4,firehawk,2,firehawk_02,0.001412,708.391897,708.391897,1,5,185.345878,41.684128,12.431103
20260824_115519,S1A,4,firehawk,2,firehawk_02,0.001412,708.391897,708.391897,1,6,203.619701,62.393297,8.896717
20260824_115519,S1A,4,firehawk,2,firehawk_02,0.001412,708.391897,708.391897,1,7,258.286653,91.073318,37.776462
20260824_115519,S1A,4,firehawk,2,firehawk_02,0.001412,708.391897,708.391897,1,8,277.581145,89.611158,121.110734
20260824_115519,S1A,4,firehawk,3,firehawk_03,0.001408,710.089219,710.089219,1,1,7.642217,0.000000,104.069133
20260824_115519,S1A,4,firehawk,3,firehawk_03,0.001408,710.089219,710.089219,1,2,4.951750,18.962629,52.308310
20260824_115519,S1A,4,firehawk,3,firehawk_03,0.001408,710.089219,710.089219,1,3,13.004914,9.700260,19.744543
20260824_115519,S1A,4,firehawk,3,firehawk_03,0.001408,710.089219,710.089219,1,4,106.411495,34.844028,0.000000
20260824_115519,S1A,4,firehawk,3,firehawk_03,0.001408,710.089219,710.089219,1,5,152.892453,23.355603,5.123129
20260824_115519,S1A,4,firehawk,3,firehawk_03,0.001408,710.089219,710.089219,1,6,302.808065,71.437000,6.095288
20260824_115519,S1A,4,firehawk,3,firehawk_03,0.001408,710.089219,710.089219,1,7,349.732692,69.531462,41.919001
20260824_115519,S1A,4,firehawk,3,firehawk_03,0.001408,710.089219,710.089219,1,8,363.383217,68.857894,98.146902
20260824_115519,S1A,4,firehawk,4,firehawk_04,0.001360,735.301842,735.301842,1,1,0.000000,0.000000,76.104816
20260824_115519,S1A,4,firehawk,4,firehawk_04,0.001360,735.301842,735.301842,1,2,0.000000,0.000000,10.095808
20260824_115519,S1A,4,firehawk,4,firehawk_04,0.001360,735.301842,735.301842,1,3,0.000000,2.036009,0.000000
20260824_115519,S1A,4,firehawk,4,firehawk_04,0.001360,735.301842,735.301842,1,4,86.711648,37.426817,0.000000
20260824_115519,S1A,4,firehawk,4,firehawk_04,0.001360,735.301842,735.301842,1,5,163.166770,76.236026,0.000000
20260824_115519,S1A,4,firehawk,4,firehawk_04,0.001360,735.301842,735.301842,1,6,202.962237,67.808468,5.506197
20260824_115519,S1A,4,firehawk,4,firehawk_04,0.001360,735.301842,735.301842,1,7,355.561610,90.787876,44.600193
20260824_115519,S1A,4,firehawk,4,firehawk_04,0.001360,735.301842,735.301842,1,8,376.903129,86.250632,119.838758
20260824_115519,S1A,4,firehawk,5,firehawk_05,0.001359,735.776318,735.776318,1,1,1.418987,3.506256,69.818994
20260824_115519,S1A,4,firehawk,5,firehawk_05,0.001359,735.776318,735.776318,1,2,19.199419,8.165032,41.298137
20260824_115519,S1A,4,firehawk,5,firehawk_05,0.001359,735.776318,735.776318,1,3,11.249840,11.682213,36.814034
20260824_115519,S1A,4,firehawk,5,firehawk_05,0.001359,735.776318,735.776318,1,4,121.879634,21.396647,5.842118
20260824_115519,S1A,4,firehawk,5,firehawk_05,0.001359,735.776318,735.776318,1,5,176.775753,79.325066,4.275344
20260824_115519,S1A,4,firehawk,5,firehawk_05,0.001359,735.776318,735.776318,1,6,203.442993,63.275867,7.303256
20260824_115519,S1A,4,firehawk,5,firehawk_05,0.001359,735.776318,735.776318,1,7,256.192075,91.434688,50.278316
20260824_115519,S1A,4,firehawk,5,firehawk_05,0.001359,735.776318,735.776318,1,8,290.353541,78.377387,94.065945
20260824_115519,S1A,4,firehawk,6,firehawk_06,0.001344,744.121574,744.121574,1,1,0.000000,2.283414,108.267478
20260824_115519,S1A,4,firehawk,6,firehawk_06,0.001344,744.121574,744.121574,1,2,0.000000,0.000000,0.000000
20260824_115519,S1A,4,firehawk,6,firehawk_06,0.001344,744.121574,744.121574,1,3,7.048580,7.845239,0.000000
20260824_115519,S1A,4,firehawk,6,firehawk_06,0.001344,744.121574,744.121574,1,4,135.635407,37.457384,10.326066
20260824_115519,S1A,4,firehawk,6,firehawk_06,0.001344,744.121574,744.121574,1,5,165.346178,58.341068,15.100539
20260824_115519,S1A,4,firehawk,6,firehawk_06,0.001344,744.121574,744.121574,1,6,266.643817,52.944551,0.000000
20260824_115519,S1A,4,firehawk,6,firehawk_06,0.001344,744.121574,744.121574,1,7,355.170357,84.396282,45.662355
20260824_115519,S1A,4,firehawk,6,firehawk_06,0.001344,744.121574,744.121574,1,8,372.706360,73.902066,138.976785
20260824_115519,S1A,4,prey,7,prey_07,0.001330,752.053191,752.053191,1,1,15.376766,8.113994,106.038348
20260824_115519,S1A,4,prey,7,prey_07,0.001330,752.053191,752.053191,1,2,13.361348,19.712805,63.961792
20260824_115519,S1A,4,prey,7,prey_07,0.001330,752.053191,752.053191,1,3,19.104867,22.656757,21.021270
20260824_115519,S1A,4,prey,7,prey_07,0.001330,752.053191,752.053191,1,4,54.913019,32.454302,0.415090
20260824_115519,S1A,4,prey,7,prey_07,0.001330,752.053191,752.053191,1,5,227.919268,54.224926,12.671545
20260824_115519,S1A,4,prey,7,prey_07,0.001330,752.053191,752.053191,1,6,297.586054,93.149573,10.606354
20260824_115519,S1A,4,prey,7,prey_07,0.001330,752.053191,752.053191,1,7,275.185947,53.945047,41.743911
20260824_115519,S1A,4,prey,7,prey_07,0.001330,752.053191,752.053191,1,8,373.611104,71.533564,121.596267
20260824_115519,S1A,4,prey,8,prey_08,0.001325,754.716100,754.716100,1,1,0.000000,0.000000,85.850614
20260824_115519,S1A,4,prey,8,prey_08,0.001325,754.716100,754.716100,1,2,0.000000,3.991813,33.869396
20260824_115519,S1A,4,prey,8,prey_08,0.001325,754.716100,754.716100,1,3,0.772451,3.018847,3.313180
20260824_115519,S1A,4,prey,8,prey_08,0.001325,754.716100,754.716100,1,4,82.697210,21.756529,9.010211
20260824_115519,S1A,4,prey,8,prey_08,0.001325,754.716100,754.716100,1,5,135.069029,71.726389,17.284354
20260824_115519,S1A,4,prey,8,prey_08,0.001325,754.716100,754.716100,1,6,202.838473,70.134182,6.414491
20260824_115519,S1A,4,prey,8,prey_08,0.001325,754.716100,754.716100,1,7,351.206797,71.166786,45.477476
20260824_115519,S1A,4,prey,8,prey_08,0.001325,754.716100,754.716100,1,8,347.267863,63.034917,88.538295
20260824_115519,S1A,4,prey,9,prey_09,0.001313,761.781336,761.781336,1,1,5.537472,0.078451,69.968421
20260824_115519,S1A,4,prey,9,prey_09,0.001313,761.781336,761.781336,1,2,1.949982,20.157957,7.488534
20260824_115519,S1A,4,prey,9,prey_09,0.001313,761.781336,761.781336,1,3,15.594970,16.551796,13.089676
20260824_115519,S1A,4,prey,9,prey_09,0.001313,761.781336,761.781336,1,4,61.138356,11.875161,0.181893
20260824_115519,S1A,4,prey,9,prey_09,0.001313,761.781336,761.781336,1,5,188.977264,69.637274,8.901122
20260824_115519,S1A,4,prey,9,prey_09,0.001313,761.781336,761.781336,1,6,205.545466,55.018813,4.927205
20260824_115519,S1A,4,prey,9,prey_09,0.001313,761.781336,761.781336,1,7,272.234219,57.553157,38.867013
20260824_115519,S1A,4,prey,9,prey_09,0.001313,761.781336,761.781336,1,8,281.772672,69.946851,122.278071
20260824_115519,S1A,4,prey,10,prey_10,0.001309,764.219322,764.219322,1,1,3.307825,5.228696,70.038404
20260824_115519,S1A,4,prey,10,prey_10,0.001309,764.219322,764.219322,1,2,15.505086,12.022304,51.540386
20260824_115519,S1A,4,prey,10,prey_10,0.001309,764.219322,764.219322,1,3,18.746498,22.129098,12.221065
20260824_115519,S1A,4,prey,10,prey_10,0.001309,764.219322,764.219322,1,4,74.932648,39.784909,6.061944
20260824_115519,S1A,4,prey,10,prey_10,0.001309,764.219322,764.219322,1,5,227.595233,62.335390,10.245764
20260824_115519,S1A,4,prey,10,prey_10,0.001309,764.219322,764.219322,1,6,302.647277,75.306731,7.191542
20260824_115519,S1A,4,prey,10,prey_10,0.001309,764.219322,764.219322,1,7,257.188286,98.550500,44.686752
20260824_115519,S1A,4,prey,10,prey_10,0.001309,764.219322,764.219322,1,8,340.821653,95.873004,173.346543
20260824_115519,S1A,4,prey,11,prey_11,0.001307,765.129242,765.129242,1,1,0.000000,0.000000,79.315397
20260824_115519,S1A,4,prey,11,prey_11,0.001307,765.129242,765.129242,1,2,0.000000,0.000000,28.371068
20260824_115519,S1A,4,prey,11,prey_11,0.001307,765.129242,765.129242,1,3,21.923437,0.000000,17.536835
20260824_115519,S1A,4,prey,11,prey_11,0.001307,765.129242,765.129242,1,4,100.659323,33.518468,2.335442
20260824_115519,S1A,4,prey,11,prey_11,0.001307,765.129242,765.129242,1,5,149.103477,59.854189,5.816953
20260824_115519,S1A,4,prey,11,prey_11,0.001307,765.129242,765.129242,1,6,302.759616,69.572466,5.283346
20260824_115519,S1A,4,prey,11,prey_11,0.001307,765.129242,765.129242,1,7,264.607491,113.595889,34.944576
20260824_115519,S1A,4,prey,11,prey_11,0.001307,765.129242,765.129242,1,8,372.764476,87.780054,104.673747
20260824_115519,S1A,4,prey,12,prey_12,0.001301,768.697969,768.697969,1,1,1.073398,0.000000,141.133767
20260824_115519,S1A,4,prey,12,prey_12,0.001301,768.697969,768.697969,1,2,0.000000,0.000000,30.896315
20260824_115519,S1A,4,prey,12,prey_12,0.001301,768.697969,768.697969,1,3,13.681831,2.728997,19.287819
20260824_115519,S1A,4,prey,12,prey_12,0.001301,768.697969,768.697969,1,4,100.940307,30.591187,7.092344
20260824_115519,S1A,4,prey,12,prey_12,0.001301,768.697969,768.697969,1,5,137.502821,81.284441,0.908279
20260824_115519,S1A,4,prey,12,prey_12,0.001301,768.697969,768.697969,1,6,259.722208,94.237972,6.532426
20260824_115519,S1A,4,prey,12,prey_12,0.001301,768.697969,768.697969,1,7,354.491679,86.323595,40.646284
20260824_115519,S1A,4,prey,12,prey_12,0.001301,768.697969,768.697969,1,8,318.744723,68.477669,116.532782
20260824_115519,S1A,4,prey,13,prey_13,0.001297,771.085485,771.085485,1,1,4.419661,11.484288,160.752694
20260824_115519,S1A,4,prey,13,prey_13,0.001297,771.085485,771.085485,1,2,24.474426,0.000000,36.482943
20260824_115519,S1A,4,prey,13,prey_13,0.001297,771.085485,771.085485,1,3,19.129005,0.189374,7.832525
20260824_115519,S1A,4,prey,13,prey_13,0.001297,771.085485,771.085485,1,4,122.175265,27.540915,13.739518
20260824_115519,S1A,4,prey,13,prey_13,0.001297,771.085485,771.085485,1,5,227.771330,48.369816,2.592093
20260824_115519,S1A,4,prey,13,prey_13,0.001297,771.085485,771.085485,1,6,202.981290,67.246608,6.324442
20260824_115519,S1A,4,prey,13,prey_13,0.001297,771.085485,771.085485,1,7,341.960041,102.994112,25.677071
20260824_115519,S1A,4,prey,13,prey_13,0.001297,771.085485,771.085485,1,8,357.728255,98.892344,163.216913
20260824_115519,S1A,4,prey,14,prey_14,0.001294,772.764921,772.764921,1,1,2.020154,1.685098,165.377417
20260824_115519,S1A,4,prey,14,prey_14,0.001294,772.764921,772.764921,1,2,2.812522,0.000000,43.229249
20260824_115519,S1A,4,prey,14,prey_14,0.001294,772.764921,772.764921,1,3,4.125223,0.081338,0.000000
20260824_115519,S1A,4,prey,14,prey_14,0.001294,772.764921,772.764921,1,4,55.766494,45.435521,5.136163
20260824_115519,S1A,4,prey,14,prey_14,0.001294,772.764921,772.764921,1,5,227.674753,41.811189,1.409497
20260824_115519,S1A,4,prey,14,prey_14,0.001294,772.764921,772.764921,1,6,286.561632,40.717274,6.344989
20260824_115519,S1A,4,prey,14,prey_14,0.001294,772.764921,772.764921,1,7,269.895726,65.638924,29.802357
20260824_115519,S1A,4,prey,14,prey_14,0.001294,772.764921,772.764921,1,8,368.128820,72.199629,102.794969
20260824_115519,S1A,4,prey,15,prey_15,0.001288,776.609927,776.609927,1,1,0.457088,10.531632,130.466821
20260824_115519,S1A,4,prey,15,prey_15,0.001288,776.609927,776.609927,1,2,20.895696,0.194246,44.312263
20260824_115519,S1A,4,prey,15,prey_15,0.001288,776.609927,776.609927,1,3,12.348569,0.000000,0.000000
20260824_115519,S1A,4,prey,15,prey_15,0.001288,776.609927,776.609927,1,4,55.940773,32.280248,11.161392
20260824_115519,S1A,4,prey,15,prey_15,0.001288,776.609927,776.609927,1,5,228.295846,62.261245,1.595691
20260824_115519,S1A,4,prey,15,prey_15,0.001288,776.609927,776.609927,1,6,301.772447,60.953605,6.742753
20260824_115519,S1A,4,prey,15,prey_15,0.001288,776.609927,776.609927,1,7,281.973880,123.960242,22.545923
20260824_115519,S1A,4,prey,15,prey_15,0.001288,776.609927,776.609927,1,8,360.538578,71.815264,136.644570
20260824_115519,S1A,4,prey,16,prey_16,0.001285,777.931343,777.931343,1,1,0.318831,0.074320,69.700003
20260824_115519,S1A,4,prey,16,prey_16,0.001285,777.931343,777.931343,1,2,0.000000,0.000000,28.054845
20260824_115519,S1A,4,prey,16,prey_16,0.001285,777.931343,777.931343,1,3,6.396762,1.081932,12.261060
20260824_115519,S1A,4,prey,16,prey_16,0.001285,777.931343,777.931343,1,4,152.236592,21.699660,6.881688
20260824_115519,S1A,4,prey,16,prey_16,0.001285,777.931343,777.931343,1,5,218.097253,35.885295,5.663458
20260824_115519,S1A,4,prey,16,prey_16,0.001285,777.931343,777.931343,1,6,205.715177,54.382441,6.592354
20260824_115519,S1A,4,prey,16,prey_16,0.001285,777.931343,777.931343,1,7,355.085239,83.815461,45.706653
20260824_115519,S1A,4,prey,16,prey_16,0.001285,777.931343,777.931343,1,8,360.861714,55.111257,113.290031
20260824_115519,S1A,4,prey,17,prey_17,0.001282,780.227384,780.227384,1,1,0.423183,0.128613,69.699890
20260824_115519,S1A,4,prey,17,prey_17,0.001282,780.227384,780.227384,1,2,0.000000,0.000000,0.000000
20260824_115519,S1A,4,prey,17,prey_17,0.001282,780.227384,780.227384,1,3,3.679307,0.134837,0.000000
20260824_115519,S1A,4,prey,17,prey_17,0.001282,780.227384,780.227384,1,4,110.960123,22.799993,0.000000
20260824_115519,S1A,4,prey,17,prey_17,0.001282,780.227384,780.227384,1,5,228.715771,47.848417,0.304141
20260824_115519,S1A,4,prey,17,prey_17,0.001282,780.227384,780.227384,1,6,205.724050,87.572863,3.838565
20260824_115519,S1A,4,prey,17,prey_17,0.001282,780.227384,780.227384,1,7,269.825768,65.578513,29.987008
20260824_115519,S1A,4,prey,17,prey_17,0.001282,780.227384,780.227384,1,8,365.377804,74.244260,97.194775
20260824_115519,S1A,4,prey,18,prey_18,0.001279,781.794238,781.794238,1,1,2.638750,3.167302,69.838555
20260824_115519,S1A,4,prey,18,prey_18,0.001279,781.794238,781.794238,1,2,0.000000,0.000000,15.277215
20260824_115519,S1A,4,prey,18,prey_18,0.001279,781.794238,781.794238,1,3,0.000000,17.918089,0.000000
20260824_115519,S1A,4,prey,18,prey_18,0.001279,781.794238,781.794238,1,4,99.881670,36.837758,22.554113
20260824_115519,S1A,4,prey,18,prey_18,0.001279,781.794238,781.794238,1,5,140.605164,62.198007,4.204980
20260824_115519,S1A,4,prey,18,prey_18,0.001279,781.794238,781.794238,1,6,288.478133,88.577328,4.259021
20260824_115519,S1A,4,prey,18,prey_18,0.001279,781.794238,781.794238,1,7,260.034308,74.325615,43.940862
20260824_115519,S1A,4,prey,18,prey_18,0.001279,781.794238,781.794238,1,8,343.081354,92.671597,154.649438
20260824_115519,S1A,4,prey,19,prey_19,0.001278,782.201593,782.201593,1,1,5.593891,7.148172,84.135022
20260824_115519,S1A,4,prey,19,prey_19,0.001278,782.201593,782.201593,1,2,26.262118,10.363593,34.633359
20260824_115519,S1A,4,prey,19,prey_19,0.001278,782.201593,782.201593,1,3,21.646705,16.879062,39.037063
20260824_115519,S1A,4,prey,19,prey_19,0.001278,782.201593,782.201593,1,4,154.244934,40.676968,6.794798
20260824_115519,S1A,4,prey,19,prey_19,0.001278,782.201593,782.201593,1,5,229.006165,54.022803,4.478845
20260824_115519,S1A,4,prey,19,prey_19,0.001278,782.201593,782.201593,1,6,212.334647,41.794997,6.890858
20260824_115519,S1A,4,prey,19,prey_19,0.001278,782.201593,782.201593,1,7,355.013533,85.524566,43.629688
20260824_115519,S1A,4,prey,19,prey_19,0.001278,782.201593,782.201593,1,8,361.263026,71.626473,93.774488
20260824_115519,S1A,4,prey,20,prey_20,0.001266,789.622517,789.622517,1,1,9.532531,7.510255,118.101651
20260824_115519,S1A,4,prey,20,prey_20,0.001266,789.622517,789.622517,1,2,2.094302,3.393470,0.000000
20260824_115519,S1A,4,prey,20,prey_20,0.001266,789.622517,789.622517,1,3,19.787379,1.049165,20.901123
20260824_115519,S1A,4,prey,20,prey_20,0.001266,789.622517,789.622517,1,4,154.757264,36.146645,0.604357
20260824_115519,S1A,4,prey,20,prey_20,0.001266,789.622517,789.622517,1,5,131.684314,45.690782,15.947637
20260824_115519,S1A,4,prey,20,prey_20,0.001266,789.622517,789.622517,1,6,207.969724,49.222239,4.359163
20260824_115519,S1A,4,prey,20,prey_20,0.001266,789.622517,789.622517,1,7,317.693191,80.889459,36.346358
20260824_115519,S1A,4,prey,20,prey_20,0.001266,789.622517,789.622517,1,8,376.494241,87.035731,116.681332
20260824_115519,S1A,4,global_best,0,global_best_00,0.001454,687.812882,687.812882,1,1,0.000000,0.000000,115.377436
20260824_115519,S1A,4,global_best,0,global_best_00,0.001454,687.812882,687.812882,1,2,0.000000,0.000000,9.060323
20260824_115519,S1A,4,global_best,0,global_best_00,0.001454,687.812882,687.812882,1,3,4.606394,0.530626,0.000000
20260824_115519,S1A,4,global_best,0,global_best_00,0.001454,687.812882,687.812882,1,4,79.397462,27.228734,0.000000
20260824_115519,S1A,4,global_best,0,global_best_00,0.001454,687.812882,687.812882,1,5,154.714178,50.571754,1.713191
20260824_115519,S1A,4,global_best,0,global_best_00,0.001454,687.812882,687.812882,1,6,232.742291,62.430676,4.433523
20260824_115519,S1A,4,global_best,0,global_best_00,0.001454,687.812882,687.812882,1,7,289.549519,88.050929,24.711819
20260824_115519,S1A,4,global_best,0,global_best_00,0.001454,687.812882,687.812882,1,8,323.593557,90.117216,113.708271
20260824_115519,S1A,5,firehawk,1,firehawk_01,0.001469,680.508557,680.508557,1,1,1.418987,3.503315,107.576177
20260824_115519,S1A,5,firehawk,1,firehawk_01,0.001469,680.508557,680.508557,1,2,19.199419,8.165032,48.562299
20260824_115519,S1A,5,firehawk,1,firehawk_01,0.001469,680.508557,680.508557,1,3,13.592169,10.478569,36.814034
20260824_115519,S1A,5,firehawk,1,firehawk_01,0.001469,680.508557,680.508557,1,4,55.101615,30.969077,3.515854
20260824_115519,S1A,5,firehawk,1,firehawk_01,0.001469,680.508557,680.508557,1,5,160.021579,25.705207,0.000000
20260824_115519,S1A,5,firehawk,1,firehawk_01,0.001469,680.508557,680.508557,1,6,203.120378,76.532583,8.002923
20260824_115519,S1A,5,firehawk,1,firehawk_01,0.001469,680.508557,680.508557,1,7,256.180656,93.118735,51.254182
20260824_115519,S1A,5,firehawk,1,firehawk_01,0.001469,680.508557,680.508557,1,8,294.634309,58.303824,105.232735
20260824_115519,S1A,5,firehawk,2,firehawk_02,0.001467,681.505360,681.505360,1,1,14.903521,7.054118,124.174718
20260824_115519,S1A,5,firehawk,2,firehawk_02,0.001467,681.505360,681.505360,1,2,8.090822,17.802414,64.672288
20260824_115519,S1A,5,firehawk,2,firehawk_02,0.001467,681.505360,681.505360,1,3,20.604062,18.968613,43.374432
20260824_115519,S1A,5,firehawk,2,firehawk_02,0.001467,681.505360,681.505360,1,4,55.518422,27.824952,3.013762
20260824_115519,S1A,5,firehawk,2,firehawk_02,0.001467,681.505360,681.505360,1,5,187.834139,69.788396,9.202598
20260824_115519,S1A,5,firehawk,2,firehawk_02,0.001467,681.505360,681.505360,1,6,204.461475,83.607375,9.605040
20260824_115519,S1A,5,firehawk,2,firehawk_02,0.001467,681.505360,681.505360,1,7,274.170856,53.418836,54.549799
20260824_115519,S1A,5,firehawk,2,firehawk_02,0.001467,681.505360,681.505360,1,8,280.805161,74.157052,134.124230
20260824_115519,S1A,5,firehawk,3,firehawk_03,0.001454,687.812882,687.812882,1,1,0.000000,0.000000,115.377436
20260824_115519,S1A,5,firehawk,3,firehawk_03,0.001454,687.812882,687.812882,1,2,0.000000,0.000000,9.060323
20260824_115519,S1A,5,firehawk,3,firehawk_03,0.001454,687.812882,687.812882,1,3,4.606394,0.530626,0.000000
20260824_115519,S1A,5,firehawk,3,firehawk_03,0.001454,687.812882,687.812882,1,4,79.397462,27.228734,0.000000
20260824_115519,S1A,5,firehawk,3,firehawk_03,0.001454,687.812882,687.812882,1,5,154.714178,50.571754,1.713191
20260824_115519,S1A,5,firehawk,3,firehawk_03,0.001454,687.812882,687.812882,1,6,232.742291,62.430676,4.433523
20260824_115519,S1A,5,firehawk,3,firehawk_03,0.001454,687.812882,687.812882,1,7,289.549519,88.050929,24.711819
20260824_115519,S1A,5,firehawk,3,firehawk_03,0.001454,687.812882,687.812882,1,8,323.593557,90.117216,113.708271
20260824_115519,S1A,5,firehawk,4,firehawk_04,0.001391,718.946443,718.946443,1,1,3.263166,5.080704,102.108606
20260824_115519,S1A,5,firehawk,4,firehawk_04,0.001391,718.946443,718.946443,1,2,23.427597,9.106723,27.051965
20260824_115519,S1A,5,firehawk,4,firehawk_04,0.001391,718.946443,718.946443,1,3,15.214193,21.249037,35.517157
20260824_115519,S1A,5,firehawk,4,firehawk_04,0.001391,718.946443,718.946443,1,4,135.863759,63.263870,3.848710
20260824_115519,S1A,5,firehawk,4,firehawk_04,0.001391,718.946443,718.946443,1,5,222.125261,65.014406,11.837871
20260824_115519,S1A,5,firehawk,4,firehawk_04,0.001391,718.946443,718.946443,1,6,226.498028,28.659418,5.463341
20260824_115519,S1A,5,firehawk,4,firehawk_04,0.001391,718.946443,718.946443,1,7,256.386166,93.954776,47.909725
20260824_115519,S1A,5,firehawk,4,firehawk_04,0.001391,718.946443,718.946443,1,8,277.599105,85.715867,126.830482
20260824_115519,S1A,5,firehawk,5,firehawk_05,0.001381,724.251830,724.251830,1,1,0.093695,0.056974,69.700764
20260824_115519,S1A,5,firehawk,5,firehawk_05,0.001381,724.251830,724.251830,1,2,0.000000,0.000000,0.000000
20260824_115519,S1A,5,firehawk,5,firehawk_05,0.001381,724.251830,724.251830,1,3,0.000000,0.519286,0.000000
20260824_115519,S1A,5,firehawk,5,firehawk_05,0.001381,724.251830,724.251830,1,4,121.139743,54.191076,0.000000
20260824_115519,S1A,5,firehawk,5,firehawk_05,0.001381,724.251830,724.251830,1,5,202.962223,49.986160,2.317625
20260824_115519,S1A,5,firehawk,5,firehawk_05,0.001381,724.251830,724.251830,1,6,202.887712,71.149200,4.664528
20260824_115519,S1A,5,firehawk,5,firehawk_05,0.001381,724.251830,724.251830,1,7,257.597331,95.531431,40.884190
20260824_115519,S1A,5,firehawk,5,firehawk_05,0.001381,724.251830,724.251830,1,8,369.523563,75.104352,147.818739
20260824_115519,S1A,5,firehawk,6,firehawk_06,0.001359,735.720515,735.720515,1,1,0.129744,0.078895,69.700515
20260824_115519,S1A,5,firehawk,6,firehawk_06,0.001359,735.720515,735.720515,1,2,0.000000,0.000000,13.162810
20260824_115519,S1A,5,firehawk,6,firehawk_06,0.001359,735.720515,735.720515,1,3,15.218830,0.000000,13.526039
20260824_115519,S1A,5,firehawk,6,firehawk_06,0.001359,735.720515,735.720515,1,4,55.845714,43.381558,0.000000
20260824_115519,S1A,5,firehawk,6,firehawk_06,0.001359,735.720515,735.720515,1,5,129.092834,54.532242,3.226392
20260824_115519,S1A,5,firehawk,6,firehawk_06,0.001359,735.720515,735.720515,1,6,302.330069,77.305686,3.939475
20260824_115519,S1A,5,firehawk,6,firehawk_06,0.001359,735.720515,735.720515,1,7,313.105549,115.113448,28.080735
20260824_115519,S1A,5,firehawk,6,firehawk_06,0.001359,735.720515,735.720515,1,8,307.499049,90.122938,102.538606
20260824_115519,S1A,5,prey,7,prey_07,0.001351,740.312488,740.312488,1,1,0.096230,0.058516,69.700745
20260824_115519,S1A,5,prey,7,prey_07,0.001351,740.312488,740.312488,1,2,0.000000,0.000000,35.172058
20260824_115519,S1A,5,prey,7,prey_07,0.001351,740.312488,740.312488,1,3,8.941572,0.000000,0.000000
20260824_115519,S1A,5,prey,7,prey_07,0.001351,740.312488,740.312488,1,4,60.708505,12.651840,0.395205
20260824_115519,S1A,5,prey,7,prey_07,0.001351,740.312488,740.312488,1,5,129.553681,59.206222,6.028131
20260824_115519,S1A,5,prey,7,prey_07,0.001351,740.312488,740.312488,1,6,208.695606,47.618923,7.232702
20260824_115519,S1A,5,prey,7,prey_07,0.001351,740.312488,740.312488,1,7,259.345950,109.349127,52.824208
20260824_115519,S1A,5,prey,7,prey_07,0.001351,740.312488,740.312488,1,8,288.009764,76.378115,97.967252
20260824_115519,S1A,5,prey,8,prey_08,0.001346,742.748934,742.748934,1,1,0.032911,0.000000,156.319076
20260824_115519,S1A,5,prey,8,prey_08,0.001346,742.748934,742.748934,1,2,0.000000,0.000000,41.537574
20260824_115519,S1A,5,prey,8,prey_08,0.001346,742.748934,742.748934,1,3,0.000000,0.000000,0.000000
20260824_115519,S1A,5,prey,8,prey_08,0.001346,742.748934,742.748934,1,4,55.030861,41.479359,1.424631
20260824_115519,S1A,5,prey,8,prey_08,0.001346,742.748934,742.748934,1,5,180.322592,25.405217,0.000000
20260824_115519,S1A,5,prey,8,prey_08,0.001346,742.748934,742.748934,1,6,276.885083,27.303508,7.134873
20260824_115519,S1A,5,prey,8,prey_08,0.001346,742.748934,742.748934,1,7,355.537122,85.696977,47.281446
20260824_115519,S1A,5,prey,8,prey_08,0.001346,742.748934,742.748934,1,8,377.118747,93.131587,129.718580
20260824_115519,S1A,5,prey,9,prey_09,0.001341,745.926686,745.926686,1,1,0.737585,0.082135,169.698175
20260824_115519,S1A,5,prey,9,prey_09,0.001341,745.926686,745.926686,1,2,0.000000,0.000000,49.129237
20260824_115519,S1A,5,prey,9,prey_09,0.001341,745.926686,745.926686,1,3,0.000000,0.000000,0.000000
20260824_115519,S1A,5,prey,9,prey_09,0.001341,745.926686,745.926686,1,4,55.540264,45.026098,0.075455
20260824_115519,S1A,5,prey,9,prey_09,0.001341,745.926686,745.926686,1,5,228.038430,43.430174,1.601607
20260824_115519,S1A,5,prey,9,prey_09,0.001341,745.926686,745.926686,1,6,273.076378,66.911981,5.562616
20260824_115519,S1A,5,prey,9,prey_09,0.001341,745.926686,745.926686,1,7,261.376154,112.128014,43.209993
20260824_115519,S1A,5,prey,9,prey_09,0.001341,745.926686,745.926686,1,8,279.873674,80.412024,113.376796
20260824_115519,S1A,5,prey,10,prey_10,0.001333,750.178625,750.178625,1,1,0.000000,1.976941,111.403970
20260824_115519,S1A,5,prey,10,prey_10,0.001333,750.178625,750.178625,1,2,0.000000,0.000000,0.000000
20260824_115519,S1A,5,prey,10,prey_10,0.001333,750.178625,750.178625,1,3,5.973487,2.604432,0.000000
20260824_115519,S1A,5,prey,10,prey_10,0.001333,750.178625,750.178625,1,4,104.041897,52.747906,8.167671
20260824_115519,S1A,5,prey,10,prey_10,0.001333,750.178625,750.178625,1,5,158.380867,53.538867,13.407086
20260824_115519,S1A,5,prey,10,prey_10,0.001333,750.178625,750.178625,1,6,285.812792,51.206694,1.383326
20260824_115519,S1A,5,prey,10,prey_10,0.001333,750.178625,750.178625,1,7,266.776328,63.212670,40.661428
20260824_115519,S1A,5,prey,10,prey_10,0.001333,750.178625,750.178625,1,8,374.230224,91.708934,142.930458
20260824_115519,S1A,5,prey,11,prey_11,0.001320,757.808006,757.808006,1,1,0.130781,0.673751,69.702360
20260824_115519,S1A,5,prey,11,prey_11,0.001320,757.808006,757.808006,1,2,0.000000,0.000000,0.000000
20260824_115519,S1A,5,prey,11,prey_11,0.001320,757.808006,757.808006,1,3,0.000000,13.840798,0.000000
20260824_115519,S1A,5,prey,11,prey_11,0.001320,757.808006,757.808006,1,4,152.474691,34.299977,15.944605
20260824_115519,S1A,5,prey,11,prey_11,0.001320,757.808006,757.808006,1,5,228.957718,50.253000,2.669711
20260824_115519,S1A,5,prey,11,prey_11,0.001320,757.808006,757.808006,1,6,301.276900,82.187089,1.761740
20260824_115519,S1A,5,prey,11,prey_11,0.001320,757.808006,757.808006,1,7,355.058840,86.798365,43.071611
20260824_115519,S1A,5,prey,11,prey_11,0.001320,757.808006,757.808006,1,8,373.122319,100.404872,142.938547
20260824_115519,S1A,5,prey,12,prey_12,0.001315,760.436279,760.436279,1,1,16.189283,1.018803,155.860950
20260824_115519,S1A,5,prey,12,prey_12,0.001315,760.436279,760.436279,1,2,1.331092,16.158533,63.725905
20260824_115519,S1A,5,prey,12,prey_12,0.001315,760.436279,760.436279,1,3,15.258609,19.394171,2.324924
20260824_115519,S1A,5,prey,12,prey_12,0.001315,760.436279,760.436279,1,4,55.625926,45.515271,0.261018
20260824_115519,S1A,5,prey,12,prey_12,0.001315,760.436279,760.436279,1,5,224.268252,63.462437,7.614354
20260824_115519,S1A,5,prey,12,prey_12,0.001315,760.436279,760.436279,1,6,302.470700,76.989096,6.399240
20260824_115519,S1A,5,prey,12,prey_12,0.001315,760.436279,760.436279,1,7,344.754458,70.481910,28.620266
20260824_115519,S1A,5,prey,12,prey_12,0.001315,760.436279,760.436279,1,8,287.058265,99.608505,97.507787
20260824_115519,S1A,5,prey,13,prey_13,0.001309,764.219235,764.219235,1,1,0.000000,0.000000,86.335453
20260824_115519,S1A,5,prey,13,prey_13,0.001309,764.219235,764.219235,1,2,0.000000,2.333661,22.855223
20260824_115519,S1A,5,prey,13,prey_13,0.001309,764.219235,764.219235,1,3,0.000000,0.000000,0.000000
20260824_115519,S1A,5,prey,13,prey_13,0.001309,764.219235,764.219235,1,4,83.403170,0.000000,4.410264
20260824_115519,S1A,5,prey,13,prey_13,0.001309,764.219235,764.219235,1,5,223.748861,64.584361,21.560726
20260824_115519,S1A,5,prey,13,prey_13,0.001309,764.219235,764.219235,1,6,206.804731,51.596488,6.346442
20260824_115519,S1A,5,prey,13,prey_13,0.001309,764.219235,764.219235,1,7,262.905071,116.838081,50.913010
20260824_115519,S1A,5,prey,13,prey_13,0.001309,764.219235,764.219235,1,8,293.352636,55.234012,114.521327
20260824_115519,S1A,5,prey,14,prey_14,0.001308,764.302400,764.302400,1,1,9.684944,10.540919,151.746215
20260824_115519,S1A,5,prey,14,prey_14,0.001308,764.302400,764.302400,1,2,21.790745,16.265429,36.547285
20260824_115519,S1A,5,prey,14,prey_14,0.001308,764.302400,764.302400,1,3,13.240759,0.900132,3.595863
20260824_115519,S1A,5,prey,14,prey_14,0.001308,764.302400,764.302400,1,4,121.772991,33.165241,12.227005
20260824_115519,S1A,5,prey,14,prey_14,0.001308,764.302400,764.302400,1,5,228.961631,50.285197,2.504905
20260824_115519,S1A,5,prey,14,prey_14,0.001308,764.302400,764.302400,1,6,302.138581,79.369836,7.280477
20260824_115519,S1A,5,prey,14,prey_14,0.001308,764.302400,764.302400,1,7,354.922965,102.760522,51.211213
20260824_115519,S1A,5,prey,14,prey_14,0.001308,764.302400,764.302400,1,8,334.959583,58.053743,152.951306
20260824_115519,S1A,5,prey,15,prey_15,0.001306,765.424566,765.424566,1,1,1.196453,1.823713,69.732413
20260824_115519,S1A,5,prey,15,prey_15,0.001306,765.424566,765.424566,1,2,11.723256,11.400865,48.064384
20260824_115519,S1A,5,prey,15,prey_15,0.001306,765.424566,765.424566,1,3,20.954749,21.070381,6.710749
20260824_115519,S1A,5,prey,15,prey_15,0.001306,765.424566,765.424566,1,4,55.673873,45.701655,2.547333
20260824_115519,S1A,5,prey,15,prey_15,0.001306,765.424566,765.424566,1,5,224.972411,73.195201,4.401264
20260824_115519,S1A,5,prey,15,prey_15,0.001306,765.424566,765.424566,1,6,284.820186,32.768381,5.149716
20260824_115519,S1A,5,prey,15,prey_15,0.001306,765.424566,765.424566,1,7,257.557665,90.870365,40.476969
20260824_115519,S1A,5,prey,15,prey_15,0.001306,765.424566,765.424566,1,8,376.599510,84.627455,118.673892
20260824_115519,S1A,5,prey,16,prey_16,0.001304,767.051082,767.051082,1,1,1.725944,1.313951,69.730296
20260824_115519,S1A,5,prey,16,prey_16,0.001304,767.051082,767.051082,1,2,0.000000,0.000000,0.000000
20260824_115519,S1A,5,prey,16,prey_16,0.001304,767.051082,767.051082,1,3,3.260541,15.981363,0.000000
20260824_115519,S1A,5,prey,16,prey_16,0.001304,767.051082,767.051082,1,4,56.175945,42.585518,11.131893
20260824_115519,S1A,5,prey,16,prey_16,0.001304,767.051082,767.051082,1,5,129.346932,58.787471,2.042434
20260824_115519,S1A,5,prey,16,prey_16,0.001304,767.051082,767.051082,1,6,247.770074,120.814834,4.757176
20260824_115519,S1A,5,prey,16,prey_16,0.001304,767.051082,767.051082,1,7,261.883903,76.748701,57.995948
20260824_115519,S1A,5,prey,16,prey_16,0.001304,767.051082,767.051082,1,8,334.295757,75.138564,112.088907
20260824_115519,S1A,5,prey,17,prey_17,0.001298,770.323855,770.323855,1,1,0.098432,0.059855,69.700729
20260824_115519,S1A,5,prey,17,prey_17,0.001298,770.323855,770.323855,1,2,0.000000,0.881857,0.000000
20260824_115519,S1A,5,prey,17,prey_17,0.001298,770.323855,770.323855,1,3,6.918305,0.000000,0.000000
20260824_115519,S1A,5,prey,17,prey_17,0.001298,770.323855,770.323855,1,4,90.882356,7.586104,0.000000
20260824_115519,S1A,5,prey,17,prey_17,0.001298,770.323855,770.323855,1,5,228.731978,47.766523,2.714500
20260824_115519,S1A,5,prey,17,prey_17,0.001298,770.323855,770.323855,1,6,265.696778,95.196680,6.028260
20260824_115519,S1A,5,prey,17,prey_17,0.001298,770.323855,770.323855,1,7,314.066640,43.635319,41.278895
20260824_115519,S1A,5,prey,17,prey_17,0.001298,770.323855,770.323855,1,8,286.863292,79.145810,130.005604
20260824_115519,S1A,5,prey,18,prey_18,0.001296,771.764640,771.764640,1,1,0.766159,2.257993,69.742909
20260824_115519,S1A,5,prey,18,prey_18,0.001296,771.764640,771.764640,1,2,13.357607,8.451213,57.321946
20260824_115519,S1A,5,prey,18,prey_18,0.001296,771.764640,771.764640,1,3,19.881942,20.826222,1.175399
20260824_115519,S1A,5,prey,18,prey_18,0.001296,771.764640,771.764640,1,4,87.079825,21.749445,4.249837
20260824_115519,S1A,5,prey,18,prey_18,0.001296,771.764640,771.764640,1,5,160.763348,33.227578,5.978595
20260824_115519,S1A,5,prey,18,prey_18,0.001296,771.764640,771.764640,1,6,302.034407,79.880574,5.968225
20260824_115519,S1A,5,prey,18,prey_18,0.001296,771.764640,771.764640,1,7,346.848059,120.456711,56.858958
20260824_115519,S1A,5,prey,18,prey_18,0.001296,771.764640,771.764640,1,8,305.483970,60.598499,93.302437
20260824_115519,S1A,5,prey,19,prey_19,0.001274,784.706687,784.706687,1,1,0.000000,8.656691,141.728572
20260824_115519,S1A,5,prey,19,prey_19,0.001274,784.706687,784.706687,1,2,18.151037,0.000000,34.343874
20260824_115519,S1A,5,prey,19,prey_19,0.001274,784.706687,784.706687,1,3,13.461431,0.000000,0.000000
20260824_115519,S1A,5,prey,19,prey_19,0.001274,784.706687,784.706687,1,4,55.214743,42.868546,2.547716
20260824_115519,S1A,5,prey,19,prey_19,0.001274,784.706687,784.706687,1,5,181.901191,58.685890,0.590441
20260824_115519,S1A,5,prey,19,prey_19,0.001274,784.706687,784.706687,1,6,302.809635,70.082214,7.576631
20260824_115519,S1A,5,prey,19,prey_19,0.001274,784.706687,784.706687,1,7,266.190718,115.345213,33.561542
20260824_115519,S1A,5,prey,19,prey_19,0.001274,784.706687,784.706687,1,8,281.778201,69.750572,123.773792
20260824_115519,S1A,5,prey,20,prey_20,0.001270,787.372276,787.372276,1,1,4.697150,0.000000,125.363729
20260824_115519,S1A,5,prey,20,prey_20,0.001270,787.372276,787.372276,1,2,0.000000,18.947170,0.177809
20260824_115519,S1A,5,prey,20,prey_20,0.001270,787.372276,787.372276,1,3,4.946838,15.526680,11.128910
20260824_115519,S1A,5,prey,20,prey_20,0.001270,787.372276,787.372276,1,4,151.585781,38.413369,5.323516
20260824_115519,S1A,5,prey,20,prey_20,0.001270,787.372276,787.372276,1,5,138.862417,67.078084,8.219975
20260824_115519,S1A,5,prey,20,prey_20,0.001270,787.372276,787.372276,1,6,203.338128,64.075215,5.981078
20260824_115519,S1A,5,prey,20,prey_20,0.001270,787.372276,787.372276,1,7,355.910926,86.916946,51.458894
20260824_115519,S1A,5,prey,20,prey_20,0.001270,787.372276,787.372276,1,8,374.370290,94.373564,108.955357
20260824_115519,S1A,5,global_best,0,global_best_00,0.001469,680.508557,680.508557,1,1,1.418987,3.503315,107.576177
20260824_115519,S1A,5,global_best,0,global_best_00,0.001469,680.508557,680.508557,1,2,19.199419,8.165032,48.562299
20260824_115519,S1A,5,global_best,0,global_best_00,0.001469,680.508557,680.508557,1,3,13.592169,10.478569,36.814034
20260824_115519,S1A,5,global_best,0,global_best_00,0.001469,680.508557,680.508557,1,4,55.101615,30.969077,3.515854
20260824_115519,S1A,5,global_best,0,global_best_00,0.001469,680.508557,680.508557,1,5,160.021579,25.705207,0.000000
20260824_115519,S1A,5,global_best,0,global_best_00,0.001469,680.508557,680.508557,1,6,203.120378,76.532583,8.002923
20260824_115519,S1A,5,global_best,0,global_best_00,0.001469,680.508557,680.508557,1,7,256.180656,93.118735,51.254182
20260824_115519,S1A,5,global_best,0,global_best_00,0.001469,680.508557,680.508557,1,8,294.634309,58.303824,105.232735
20260824_115519,S1A,6,firehawk,1,firehawk_01,0.001487,672.627057,672.627057,1,1,15.081437,7.422649,163.801475
20260824_115519,S1A,6,firehawk,1,firehawk_01,0.001487,672.627057,672.627057,1,2,8.815030,22.639853,90.584580
20260824_115519,S1A,6,firehawk,1,firehawk_01,0.001487,672.627057,672.627057,1,3,24.679911,23.923422,35.535478
20260824_115519,S1A,6,firehawk,1,firehawk_01,0.001487,672.627057,672.627057,1,4,85.305777,19.769849,3.543326
20260824_115519,S1A,6,firehawk,1,firehawk_01,0.001487,672.627057,672.627057,1,5,160.525351,73.951794,7.161557
20260824_115519,S1A,6,firehawk,1,firehawk_01,0.001487,672.627057,672.627057,1,6,196.868829,87.119797,30.125322
20260824_115519,S1A,6,firehawk,1,firehawk_01,0.001487,672.627057,672.627057,1,7,299.886411,18.112444,94.909015
20260824_115519,S1A,6,firehawk,1,firehawk_01,0.001487,672.627057,672.627057,1,8,295.156628,60.782216,142.006112
20260824_115519,S1A,6,firehawk,2,firehawk_02,0.001481,675.156409,675.156409,1,1,3.852341,4.262390,99.076296
20260824_115519,S1A,6,firehawk,2,firehawk_02,0.001481,675.156409,675.156409,1,2,17.845877,4.854567,52.684337
20260824_115519,S1A,6,firehawk,2,firehawk_02,0.001481,675.156409,675.156409,1,3,23.116806,26.344348,34.259874
20260824_115519,S1A,6,firehawk,2,firehawk_02,0.001481,675.156409,675.156409,1,4,105.796024,61.353664,2.686148
20260824_115519,S1A,6,firehawk,2,firehawk_02,0.001481,675.156409,675.156409,1,5,209.346656,57.986083,11.837871
20260824_115519,S1A,6,firehawk,2,firehawk_02,0.001481,675.156409,675.156409,1,6,225.305885,55.848125,16.104224
20260824_115519,S1A,6,firehawk,2,firehawk_02,0.001481,675.156409,675.156409,1,7,239.598925,73.857578,82.502973
20260824_115519,S1A,6,firehawk,2,firehawk_02,0.001481,675.156409,675.156409,1,8,281.279081,53.036471,133.890614
20260824_115519,S1A,6,firehawk,3,firehawk_03,0.001469,680.508557,680.508557,1,1,1.418987,3.503315,107.576177
20260824_115519,S1A,6,firehawk,3,firehawk_03,0.001469,680.508557,680.508557,1,2,19.199419,8.165032,48.562299
20260824_115519,S1A,6,firehawk,3,firehawk_03,0.001469,680.508557,680.508557,1,3,13.592169,10.478569,36.814034
20260824_115519,S1A,6,firehawk,3,firehawk_03,0.001469,680.508557,680.508557,1,4,55.101615,30.969077,3.515854
20260824_115519,S1A,6,firehawk,3,firehawk_03,0.001469,680.508557,680.508557,1,5,160.021579,25.705207,0.000000
20260824_115519,S1A,6,firehawk,3,firehawk_03,0.001469,680.508557,680.508557,1,6,203.120378,76.532583,8.002923
20260824_115519,S1A,6,firehawk,3,firehawk_03,0.001469,680.508557,680.508557,1,7,256.180656,93.118735,51.254182
20260824_115519,S1A,6,firehawk,3,firehawk_03,0.001469,680.508557,680.508557,1,8,294.634309,58.303824,105.232735
20260824_115519,S1A,6,firehawk,4,firehawk_04,0.001464,682.828302,682.828302,1,1,0.000000,1.186381,171.593504
20260824_115519,S1A,6,firehawk,4,firehawk_04,0.001464,682.828302,682.828302,1,2,0.000000,0.000000,43.590119
20260824_115519,S1A,6,firehawk,4,firehawk_04,0.001464,682.828302,682.828302,1,3,16.374915,8.261664,0.437396
20260824_115519,S1A,6,firehawk,4,firehawk_04,0.001464,682.828302,682.828302,1,4,85.001210,20.203295,0.000000
20260824_115519,S1A,6,firehawk,4,firehawk_04,0.001464,682.828302,682.828302,1,5,177.258728,37.293959,0.000000
20260824_115519,S1A,6,firehawk,4,firehawk_04,0.001464,682.828302,682.828302,1,6,285.369001,68.355653,26.533515
20260824_115519,S1A,6,firehawk,4,firehawk_04,0.001464,682.828302,682.828302,1,7,296.185454,78.091089,57.285744
20260824_115519,S1A,6,firehawk,4,firehawk_04,0.001464,682.828302,682.828302,1,8,368.651042,71.783111,168.668700
20260824_115519,S1A,6,firehawk,5,firehawk_05,0.001459,685.258733,685.258733,1,1,0.000000,7.166198,143.149358
20260824_115519,S1A,6,firehawk,5,firehawk_05,0.001459,685.258733,685.258733,1,2,17.686526,0.000000,30.368991
20260824_115519,S1A,6,firehawk,5,firehawk_05,0.001459,685.258733,685.258733,1,3,21.142848,1.747773,9.262992
20260824_115519,S1A,6,firehawk,5,firehawk_05,0.001459,685.258733,685.258733,1,4,89.393739,41.547304,0.000000
20260824_115519,S1A,6,firehawk,5,firehawk_05,0.001459,685.258733,685.258733,1,5,142.409166,68.250338,2.426262
20260824_115519,S1A,6,firehawk,5,firehawk_05,0.001459,685.258733,685.258733,1,6,288.461457,72.894122,27.975675
20260824_115519,S1A,6,firehawk,5,firehawk_05,0.001459,685.258733,685.258733,1,7,308.610557,73.176344,49.088089
20260824_115519,S1A,6,firehawk,5,firehawk_05,0.001459,685.258733,685.258733,1,8,314.583872,64.995899,105.815564
20260824_115519,S1A,6,firehawk,6,firehawk_06,0.001459,685.339882,685.339882,1,1,2.275192,4.168428,155.655830
20260824_115519,S1A,6,firehawk,6,firehawk_06,0.001459,685.339882,685.339882,1,2,22.235083,15.628944,86.187422
20260824_115519,S1A,6,firehawk,6,firehawk_06,0.001459,685.339882,685.339882,1,3,24.695721,14.265561,31.849442
20260824_115519,S1A,6,firehawk,6,firehawk_06,0.001459,685.339882,685.339882,1,4,86.748398,33.690315,1.630603
20260824_115519,S1A,6,firehawk,6,firehawk_06,0.001459,685.339882,685.339882,1,5,238.094356,43.402023,1.530046
20260824_115519,S1A,6,firehawk,6,firehawk_06,0.001459,685.339882,685.339882,1,6,247.665540,89.808244,11.797881
20260824_115519,S1A,6,firehawk,6,firehawk_06,0.001459,685.339882,685.339882,1,7,250.203353,98.093035,83.953512
20260824_115519,S1A,6,firehawk,6,firehawk_06,0.001459,685.339882,685.339882,1,8,302.436015,85.615168,129.353550
20260824_115519,S1A,6,prey,7,prey_07,0.001448,690.590694,690.590694,1,1,0.000000,0.000000,93.220045
20260824_115519,S1A,6,prey,7,prey_07,0.001448,690.590694,690.590694,1,2,0.000000,0.000000,44.286851
20260824_115519,S1A,6,prey,7,prey_07,0.001448,690.590694,690.590694,1,3,16.291135,8.422545,0.445914
20260824_115519,S1A,6,prey,7,prey_07,0.001448,690.590694,690.590694,1,4,122.790793,29.938615,0.000000
20260824_115519,S1A,6,prey,7,prey_07,0.001448,690.590694,690.590694,1,5,222.610713,51.413856,1.740418
20260824_115519,S1A,6,prey,7,prey_07,0.001448,690.590694,690.590694,1,6,234.817394,80.751132,4.594195
20260824_115519,S1A,6,prey,7,prey_07,0.001448,690.590694,690.590694,1,7,252.696983,57.801922,59.434126
20260824_115519,S1A,6,prey,7,prey_07,0.001448,690.590694,690.590694,1,8,296.489406,65.070773,115.965685
20260824_115519,S1A,6,prey,8,prey_08,0.001446,691.700562,691.700562,1,1,6.637947,2.083709,169.616420
20260824_115519,S1A,6,prey,8,prey_08,0.001446,691.700562,691.700562,1,2,0.857542,5.912873,53.696586
20260824_115519,S1A,6,prey,8,prey_08,0.001446,691.700562,691.700562,1,3,18.216865,18.608592,24.741284
20260824_115519,S1A,6,prey,8,prey_08,0.001446,691.700562,691.700562,1,4,87.004959,35.083085,0.000000
20260824_115519,S1A,6,prey,8,prey_08,0.001446,691.700562,691.700562,1,5,238.288104,43.831426,5.245996
20260824_115519,S1A,6,prey,8,prey_08,0.001446,691.700562,691.700562,1,6,278.620954,60.861545,25.087869
20260824_115519,S1A,6,prey,8,prey_08,0.001446,691.700562,691.700562,1,7,291.685342,100.683119,65.384577
20260824_115519,S1A,6,prey,8,prey_08,0.001446,691.700562,691.700562,1,8,310.518547,75.280041,112.618659
20260824_115519,S1A,6,prey,9,prey_09,0.001445,692.195804,692.195804,1,1,10.798233,14.289868,132.022492
20260824_115519,S1A,6,prey,9,prey_09,0.001445,692.195804,692.195804,1,2,27.579138,23.620912,56.055841
20260824_115519,S1A,6,prey,9,prey_09,0.001445,692.195804,692.195804,1,3,17.245060,11.371398,16.220508
20260824_115519,S1A,6,prey,9,prey_09,0.001445,692.195804,692.195804,1,4,155.261777,19.225156,9.848504
20260824_115519,S1A,6,prey,9,prey_09,0.001445,692.195804,692.195804,1,5,242.090915,61.792964,4.515362
20260824_115519,S1A,6,prey,9,prey_09,0.001445,692.195804,692.195804,1,6,294.598825,95.953409,32.096091
20260824_115519,S1A,6,prey,9,prey_09,0.001445,692.195804,692.195804,1,7,336.163255,60.479342,83.325524
20260824_115519,S1A,6,prey,9,prey_09,0.001445,692.195804,692.195804,1,8,362.122187,83.332064,162.366616
20260824_115519,S1A,6,prey,10,prey_10,0.001442,693.302197,693.302197,1,1,0.728347,1.772499,101.178933
20260824_115519,S1A,6,prey,10,prey_10,0.001442,693.302197,693.302197,1,2,4.052260,7.843027,10.413226
20260824_115519,S1A,6,prey,10,prey_10,0.001442,693.302197,693.302197,1,3,18.778765,4.268574,4.529811
20260824_115519,S1A,6,prey,10,prey_10,0.001442,693.302197,693.302197,1,4,85.792902,12.333249,0.206452
20260824_115519,S1A,6,prey,10,prey_10,0.001442,693.302197,693.302197,1,5,143.342803,52.025885,2.009995
20260824_115519,S1A,6,prey,10,prey_10,0.001442,693.302197,693.302197,1,6,207.445377,82.184944,9.908968
20260824_115519,S1A,6,prey,10,prey_10,0.001442,693.302197,693.302197,1,7,285.116640,74.426193,55.501840
20260824_115519,S1A,6,prey,10,prey_10,0.001442,693.302197,693.302197,1,8,343.729815,58.512533,104.674500
20260824_115519,S1A,6,prey,11,prey_11,0.001426,701.413758,701.413758,1,1,0.000000,2.069023,171.641983
20260824_115519,S1A,6,prey,11,prey_11,0.001426,701.413758,701.413758,1,2,0.637038,0.296634,1.927517
20260824_115519,S1A,6,prey,11,prey_11,0.001426,701.413758,701.413758,1,3,17.429554,6.348572,0.336112
20260824_115519,S1A,6,prey,11,prey_11,0.001426,701.413758,701.413758,1,4,109.572223,63.308811,6.162944
20260824_115519,S1A,6,prey,11,prey_11,0.001426,701.413758,701.413758,1,5,240.419540,51.113319,8.724500
20260824_115519,S1A,6,prey,11,prey_11,0.001426,701.413758,701.413758,1,6,270.747947,58.969868,16.492521
20260824_115519,S1A,6,prey,11,prey_11,0.001426,701.413758,701.413758,1,7,334.429779,68.197064,76.296941
20260824_115519,S1A,6,prey,11,prey_11,0.001426,701.413758,701.413758,1,8,353.269401,89.641957,164.279272
20260824_115519,S1A,6,prey,12,prey_12,0.001410,709.420954,709.420954,1,1,0.000000,0.000000,82.346801
20260824_115519,S1A,6,prey,12,prey_12,0.001410,709.420954,709.420954,1,2,0.000000,0.000000,5.179253
20260824_115519,S1A,6,prey,12,prey_12,0.001410,709.420954,709.420954,1,3,16.291135,8.422545,0.445914
20260824_115519,S1A,6,prey,12,prey_12,0.001410,709.420954,709.420954,1,4,95.945643,52.197478,0.138163
20260824_115519,S1A,6,prey,12,prey_12,0.001410,709.420954,709.420954,1,5,142.974192,53.789177,2.263413
20260824_115519,S1A,6,prey,12,prey_12,0.001410,709.420954,709.420954,1,6,196.313249,90.367710,30.842769
20260824_115519,S1A,6,prey,12,prey_12,0.001410,709.420954,709.420954,1,7,239.791512,79.503380,87.904148
20260824_115519,S1A,6,prey,12,prey_12,0.001410,709.420954,709.420954,1,8,361.455581,60.046668,186.435690
20260824_115519,S1A,6,prey,13,prey_13,0.001353,738.836569,738.836569,1,1,1.046939,1.026579,138.749260
20260824_115519,S1A,6,prey,13,prey_13,0.001353,738.836569,738.836569,1,2,0.064495,0.030032,2.162603
20260824_115519,S1A,6,prey,13,prey_13,0.001353,738.836569,738.836569,1,3,13.273375,15.582827,0.299938
20260824_115519,S1A,6,prey,13,prey_13,0.001353,738.836569,738.836569,1,4,116.676895,56.432370,8.872433
20260824_115519,S1A,6,prey,13,prey_13,0.001353,738.836569,738.836569,1,5,142.127206,63.209092,2.405245
20260824_115519,S1A,6,prey,13,prey_13,0.001353,738.836569,738.836569,1,6,201.201969,88.502503,17.271515
20260824_115519,S1A,6,prey,13,prey_13,0.001353,738.836569,738.836569,1,7,262.738323,35.099996,64.291568
20260824_115519,S1A,6,prey,13,prey_13,0.001353,738.836569,738.836569,1,8,375.179736,44.561594,134.973329
20260824_115519,S1A,6,prey,14,prey_14,0.001338,747.304137,747.304137,1,1,1.404522,1.298929,126.895633
20260824_115519,S1A,6,prey,14,prey_14,0.001338,747.304137,747.304137,1,2,3.566631,3.166339,24.888934
20260824_115519,S1A,6,prey,14,prey_14,0.001338,747.304137,747.304137,1,3,21.208548,4.954715,17.241464
20260824_115519,S1A,6,prey,14,prey_14,0.001338,747.304137,747.304137,1,4,86.342243,32.455403,0.000000
20260824_115519,S1A,6,prey,14,prey_14,0.001338,747.304137,747.304137,1,5,145.213542,45.641748,2.419885
20260824_115519,S1A,6,prey,14,prey_14,0.001338,747.304137,747.304137,1,6,283.428023,87.581511,8.617133
20260824_115519,S1A,6,prey,14,prey_14,0.001338,747.304137,747.304137,1,7,319.702610,92.030269,65.228522
20260824_115519,S1A,6,prey,14,prey_14,0.001338,747.304137,747.304137,1,8,287.001925,72.954652,136.166397
20260824_115519,S1A,6,prey,15,prey_15,0.001313,761.624760,761.624760,1,1,1.067641,2.541639,71.838834
20260824_115519,S1A,6,prey,15,prey_15,0.001313,761.624760,761.624760,1,2,2.039715,0.230394,1.497092
20260824_115519,S1A,6,prey,15,prey_15,0.001313,761.624760,761.624760,1,3,14.071905,24.612401,18.414514
20260824_115519,S1A,6,prey,15,prey_15,0.001313,761.624760,761.624760,1,4,120.704576,63.738373,12.398287
20260824_115519,S1A,6,prey,15,prey_15,0.001313,761.624760,761.624760,1,5,142.467224,68.632392,1.871841
20260824_115519,S1A,6,prey,15,prey_15,0.001313,761.624760,761.624760,1,6,197.257725,90.511636,26.721248
20260824_115519,S1A,6,prey,15,prey_15,0.001313,761.624760,761.624760,1,7,238.093997,65.432991,87.935316
20260824_115519,S1A,6,prey,15,prey_15,0.001313,761.624760,761.624760,1,8,372.239455,58.335906,129.905326
20260824_115519,S1A,6,prey,16,prey_16,0.001302,767.802605,767.802605,1,1,2.727592,0.000000,87.002463
20260824_115519,S1A,6,prey,16,prey_16,0.001302,767.802605,767.802605,1,2,0.703739,16.084516,2.129339
20260824_115519,S1A,6,prey,16,prey_16,0.001302,767.802605,767.802605,1,3,14.272648,15.531546,11.356767
20260824_115519,S1A,6,prey,16,prey_16,0.001302,767.802605,767.802605,1,4,131.349478,43.150075,5.224773
20260824_115519,S1A,6,prey,16,prey_16,0.001302,767.802605,767.802605,1,5,143.942467,49.635215,5.183512
20260824_115519,S1A,6,prey,16,prey_16,0.001302,767.802605,767.802605,1,6,272.470224,57.446523,21.284779
20260824_115519,S1A,6,prey,16,prey_16,0.001302,767.802605,767.802605,1,7,241.953422,60.760124,74.730378
20260824_115519,S1A,6,prey,16,prey_16,0.001302,767.802605,767.802605,1,8,364.655452,80.662461,139.832267
20260824_115519,S1A,6,prey,17,prey_17,0.001299,769.931682,769.931682,1,1,11.106856,0.398057,97.462476
20260824_115519,S1A,6,prey,17,prey_17,0.001299,769.931682,769.931682,1,2,2.281565,1.348298,71.040999
20260824_115519,S1A,6,prey,17,prey_17,0.001299,769.931682,769.931682,1,3,26.081623,11.978326,32.086079
20260824_115519,S1A,6,prey,17,prey_17,0.001299,769.931682,769.931682,1,4,85.010668,20.063951,0.000000
20260824_115519,S1A,6,prey,17,prey_17,0.001299,769.931682,769.931682,1,5,241.012818,64.541774,13.865680
20260824_115519,S1A,6,prey,17,prey_17,0.001299,769.931682,769.931682,1,6,197.361836,89.265868,26.820706
20260824_115519,S1A,6,prey,17,prey_17,0.001299,769.931682,769.931682,1,7,249.900615,93.750376,75.770369
20260824_115519,S1A,6,prey,17,prey_17,0.001299,769.931682,769.931682,1,8,354.083270,57.675848,109.404040
20260824_115519,S1A,6,prey,18,prey_18,0.001299,770.004628,770.004628,1,1,0.000000,0.025397,82.106086
20260824_115519,S1A,6,prey,18,prey_18,0.001299,770.004628,770.004628,1,2,0.637038,0.296634,1.927517
20260824_115519,S1A,6,prey,18,prey_18,0.001299,770.004628,770.004628,1,3,13.619433,14.573841,0.372785
20260824_115519,S1A,6,prey,18,prey_18,0.001299,770.004628,770.004628,1,4,177.857493,45.618519,5.549116
20260824_115519,S1A,6,prey,18,prey_18,0.001299,770.004628,770.004628,1,5,239.985982,48.510599,3.291697
20260824_115519,S1A,6,prey,18,prey_18,0.001299,770.004628,770.004628,1,6,247.368561,120.361604,3.936751
20260824_115519,S1A,6,prey,18,prey_18,0.001299,770.004628,770.004628,1,7,271.258251,85.062009,50.573036
20260824_115519,S1A,6,prey,18,prey_18,0.001299,770.004628,770.004628,1,8,335.388935,97.501882,158.144070
20260824_115519,S1A,6,prey,19,prey_19,0.001298,770.218741,770.218741,1,1,1.416082,1.213216,71.918654
20260824_115519,S1A,6,prey,19,prey_19,0.001298,770.218741,770.218741,1,2,12.639943,1.759899,28.922895
20260824_115519,S1A,6,prey,19,prey_19,0.001298,770.218741,770.218741,1,3,18.428620,4.862878,4.920638
20260824_115519,S1A,6,prey,19,prey_19,0.001298,770.218741,770.218741,1,4,86.567496,8.591354,0.000000
20260824_115519,S1A,6,prey,19,prey_19,0.001298,770.218741,770.218741,1,5,143.158391,70.896365,9.888692
20260824_115519,S1A,6,prey,19,prey_19,0.001298,770.218741,770.218741,1,6,240.789219,51.968090,14.898521
20260824_115519,S1A,6,prey,19,prey_19,0.001298,770.218741,770.218741,1,7,295.933086,81.969734,60.596996
20260824_115519,S1A,6,prey,19,prey_19,0.001298,770.218741,770.218741,1,8,278.053600,49.619476,149.445107
20260824_115519,S1A,6,prey,20,prey_20,0.001283,779.552655,779.552655,1,1,0.832881,0.628285,84.913444
20260824_115519,S1A,6,prey,20,prey_20,0.001283,779.552655,779.552655,1,2,10.459714,6.540396,31.678015
20260824_115519,S1A,6,prey,20,prey_20,0.001283,779.552655,779.552655,1,3,15.006679,12.835287,6.340393
20260824_115519,S1A,6,prey,20,prey_20,0.001283,779.552655,779.552655,1,4,85.082369,23.038979,0.448478
20260824_115519,S1A,6,prey,20,prey_20,0.001283,779.552655,779.552655,1,5,241.593505,70.098805,4.195950
20260824_115519,S1A,6,prey,20,prey_20,0.001283,779.552655,779.552655,1,6,282.927640,72.044189,16.483526
20260824_115519,S1A,6,prey,20,prey_20,0.001283,779.552655,779.552655,1,7,239.732366,62.282007,80.622741
20260824_115519,S1A,6,prey,20,prey_20,0.001283,779.552655,779.552655,1,8,359.075033,62.374129,114.419571
20260824_115519,S1A,6,global_best,0,global_best_00,0.001487,672.627057,672.627057,1,1,15.081437,7.422649,163.801475
20260824_115519,S1A,6,global_best,0,global_best_00,0.001487,672.627057,672.627057,1,2,8.815030,22.639853,90.584580
20260824_115519,S1A,6,global_best,0,global_best_00,0.001487,672.627057,672.627057,1,3,24.679911,23.923422,35.535478
20260824_115519,S1A,6,global_best,0,global_best_00,0.001487,672.627057,672.627057,1,4,85.305777,19.769849,3.543326
20260824_115519,S1A,6,global_best,0,global_best_00,0.001487,672.627057,672.627057,1,5,160.525351,73.951794,7.161557
20260824_115519,S1A,6,global_best,0,global_best_00,0.001487,672.627057,672.627057,1,6,196.868829,87.119797,30.125322
20260824_115519,S1A,6,global_best,0,global_best_00,0.001487,672.627057,672.627057,1,7,299.886411,18.112444,94.909015
20260824_115519,S1A,6,global_best,0,global_best_00,0.001487,672.627057,672.627057,1,8,295.156628,60.782216,142.006112
